date,sku,our_price,competitor,competitor_price,price_gap_pct
20201020,149,30.48,CompetitorA,32.7,7.3
20201020,149,30.48,CompetitorB,34.99,14.8
20201020,149,30.48,CompetitorC,33.51,9.9
20201020,39,41.46,CompetitorA,33.71,-18.7
20201020,39,41.46,CompetitorB,33.72,-18.7
20201020,39,41.46,CompetitorC,46.0,11.0
20201020,6,59.88,CompetitorA,55.09,-8.0
20201020,6,59.88,CompetitorB,60.61,1.2
20201020,6,59.88,CompetitorC,52.13,-12.9
20201020,1,53.14,CompetitorA,42.64,-19.8
20201020,1,53.14,CompetitorB,53.01,-0.2
20201020,1,53.14,CompetitorC,53.09,-0.1
20201020,111,55.68,CompetitorA,50.21,-9.8
20201020,111,55.68,CompetitorB,58.99,5.9
20201020,111,55.68,CompetitorC,46.92,-15.7
20201020,57,67.16,CompetitorA,60.02,-10.6
20201020,57,67.16,CompetitorB,72.1,7.4
20201020,57,67.16,CompetitorC,57.49,-14.4
20201020,76,40.06,CompetitorA,35.21,-12.1
20201020,76,40.06,CompetitorB,40.69,1.6
20201020,76,40.06,CompetitorC,32.5,-18.9
20201020,3,40.19,CompetitorA,32.46,-19.2
20201020,3,40.19,CompetitorB,42.71,6.3
20201020,3,40.19,CompetitorC,38.15,-5.1
20201020,52,37.7,CompetitorA,41.95,11.3
20201020,52,37.7,CompetitorB,37.73,0.1
20201020,52,37.7,CompetitorC,33.6,-10.9
20201020,64,58.59,CompetitorA,63.32,8.1
20201020,64,58.59,CompetitorB,47.9,-18.2
20201020,64,58.59,CompetitorC,55.4,-5.4
20201020,148,32.44,CompetitorA,31.88,-1.7
20201020,148,32.44,CompetitorB,31.76,-2.1
20201020,148,32.44,CompetitorC,27.8,-14.3
20201020,67,37.97,CompetitorA,38.49,1.4
20201020,67,37.97,CompetitorB,38.62,1.7
20201020,67,37.97,CompetitorC,39.51,4.1
20201020,2,29.08,CompetitorA,27.36,-5.9
20201020,2,29.08,CompetitorB,28.17,-3.1
20201020,2,29.08,CompetitorC,25.7,-11.6
20201020,153,81.33,CompetitorA,82.58,1.5
20201020,153,81.33,CompetitorB,69.38,-14.7
20201020,153,81.33,CompetitorC,76.06,-6.5
20201020,7,61.43,CompetitorA,49.59,-19.3
20201020,7,61.43,CompetitorB,64.03,4.2
20201020,7,61.43,CompetitorC,57.52,-6.4
20201020,107,45.85,CompetitorA,41.68,-9.1
20201020,107,45.85,CompetitorB,37.49,-18.2
20201020,107,45.85,CompetitorC,39.02,-14.9
20201020,83,57.47,CompetitorA,63.72,10.9
20201020,83,57.47,CompetitorB,50.0,-13.0
20201020,83,57.47,CompetitorC,61.47,7.0
20201020,8,56.61,CompetitorA,62.8,10.9
20201020,8,56.61,CompetitorB,47.84,-15.5
20201020,8,56.61,CompetitorC,48.53,-14.3
20201020,110,67.39,CompetitorA,63.9,-5.2
20201020,110,67.39,CompetitorB,72.71,7.9
20201020,110,67.39,CompetitorC,66.84,-0.8
20201020,155,41.49,CompetitorA,44.96,8.4
20201020,155,41.49,CompetitorB,46.89,13.0
20201020,155,41.49,CompetitorC,45.03,8.5
20201024,148,32.44,CompetitorA,30.51,-5.9
20201024,148,32.44,CompetitorB,26.49,-18.3
20201024,148,32.44,CompetitorC,35.69,10.0
20201024,39,41.46,CompetitorA,35.77,-13.7
20201024,39,41.46,CompetitorB,39.24,-5.4
20201024,39,41.46,CompetitorC,34.12,-17.7
20201024,64,58.59,CompetitorA,55.39,-5.5
20201024,64,58.59,CompetitorB,62.36,6.4
20201024,64,58.59,CompetitorC,50.44,-13.9
20201024,153,81.33,CompetitorA,82.69,1.7
20201024,153,81.33,CompetitorB,92.12,13.3
20201024,153,81.33,CompetitorC,75.56,-7.1
20201024,52,37.7,CompetitorA,41.26,9.4
20201024,52,37.7,CompetitorB,41.84,11.0
20201024,52,37.7,CompetitorC,33.78,-10.4
20201024,155,41.49,CompetitorA,41.19,-0.7
20201024,155,41.49,CompetitorB,37.61,-9.4
20201024,155,41.49,CompetitorC,36.91,-11.0
20201024,8,56.61,CompetitorA,52.29,-7.6
20201024,8,56.61,CompetitorB,59.88,5.8
20201024,8,56.61,CompetitorC,52.11,-7.9
20201024,149,30.48,CompetitorA,26.97,-11.5
20201024,149,30.48,CompetitorB,25.2,-17.3
20201024,149,30.48,CompetitorC,26.14,-14.2
20201024,76,40.06,CompetitorA,33.31,-16.8
20201024,76,40.06,CompetitorB,40.68,1.5
20201024,76,40.06,CompetitorC,44.39,10.8
20201024,1,53.14,CompetitorA,42.8,-19.5
20201024,1,53.14,CompetitorB,54.0,1.6
20201024,1,53.14,CompetitorC,53.58,0.8
20201024,6,59.88,CompetitorA,58.07,-3.0
20201024,6,59.88,CompetitorB,66.4,10.9
20201024,6,59.88,CompetitorC,63.77,6.5
20201024,107,45.85,CompetitorA,51.56,12.5
20201024,107,45.85,CompetitorB,39.85,-13.1
20201024,107,45.85,CompetitorC,44.99,-1.9
20201024,110,67.39,CompetitorA,62.19,-7.7
20201024,110,67.39,CompetitorB,54.9,-18.5
20201024,110,67.39,CompetitorC,56.76,-15.8
20201024,2,29.08,CompetitorA,26.67,-8.3
20201024,2,29.08,CompetitorB,23.62,-18.8
20201024,2,29.08,CompetitorC,32.93,13.2
20201024,67,37.97,CompetitorA,42.59,12.2
20201024,67,37.97,CompetitorB,36.89,-2.8
20201024,67,37.97,CompetitorC,36.6,-3.6
20201024,83,57.47,CompetitorA,46.97,-18.3
20201024,83,57.47,CompetitorB,47.58,-17.2
20201024,83,57.47,CompetitorC,53.24,-7.4
20201024,46,47.84,CompetitorA,54.0,12.9
20201024,46,47.84,CompetitorB,49.98,4.5
20201024,46,47.84,CompetitorC,44.62,-6.7
20201024,3,40.19,CompetitorA,45.57,13.4
20201024,3,40.19,CompetitorB,40.39,0.5
20201024,3,40.19,CompetitorC,38.21,-4.9
20201024,111,55.68,CompetitorA,48.95,-12.1
20201024,111,55.68,CompetitorB,45.78,-17.8
20201024,111,55.68,CompetitorC,55.11,-1.0
20201024,57,67.16,CompetitorA,68.32,1.7
20201024,57,67.16,CompetitorB,72.23,7.5
20201024,57,67.16,CompetitorC,65.44,-2.6
20210425,154,50.12,CompetitorA,54.67,9.1
20210425,154,50.12,CompetitorB,49.39,-1.5
20210425,154,50.12,CompetitorC,47.34,-5.5
20210425,149,30.48,CompetitorA,26.0,-14.7
20210425,149,30.48,CompetitorB,26.84,-11.9
20210425,149,30.48,CompetitorC,29.71,-2.5
20210425,52,37.7,CompetitorA,35.72,-5.3
20210425,52,37.7,CompetitorB,33.04,-12.4
20210425,52,37.7,CompetitorC,42.28,12.1
20210425,110,67.39,CompetitorA,55.37,-17.8
20210425,110,67.39,CompetitorB,66.1,-1.9
20210425,110,67.39,CompetitorC,73.41,8.9
20210425,6,59.88,CompetitorA,67.05,12.0
20210425,6,59.88,CompetitorB,68.64,14.6
20210425,6,59.88,CompetitorC,48.69,-18.7
20210425,1,53.14,CompetitorA,60.13,13.2
20210425,1,53.14,CompetitorB,53.61,0.9
20210425,1,53.14,CompetitorC,48.39,-8.9
20210425,39,41.46,CompetitorA,44.75,7.9
20210425,39,41.46,CompetitorB,33.77,-18.5
20210425,39,41.46,CompetitorC,35.28,-14.9
20210425,57,67.16,CompetitorA,76.98,14.6
20210425,57,67.16,CompetitorB,70.67,5.2
20210425,57,67.16,CompetitorC,59.41,-11.5
20210425,155,41.49,CompetitorA,40.7,-1.9
20210425,155,41.49,CompetitorB,33.4,-19.5
20210425,155,41.49,CompetitorC,43.0,3.6
20210425,7,61.43,CompetitorA,55.83,-9.1
20210425,7,61.43,CompetitorB,58.0,-5.6
20210425,7,61.43,CompetitorC,55.7,-9.3
20210425,46,47.84,CompetitorA,46.34,-3.1
20210425,46,47.84,CompetitorB,53.03,10.8
20210425,46,47.84,CompetitorC,51.11,6.8
20210425,111,55.68,CompetitorA,45.39,-18.5
20210425,111,55.68,CompetitorB,58.86,5.7
20210425,111,55.68,CompetitorC,61.8,11.0
20210425,2,29.08,CompetitorA,29.64,1.9
20210425,2,29.08,CompetitorB,27.61,-5.1
20210425,2,29.08,CompetitorC,31.97,9.9
20210425,8,56.61,CompetitorA,64.88,14.6
20210425,8,56.61,CompetitorB,63.09,11.4
20210425,8,56.61,CompetitorC,48.35,-14.6
20210425,107,45.85,CompetitorA,42.64,-7.0
20210425,107,45.85,CompetitorB,44.85,-2.2
20210425,107,45.85,CompetitorC,52.26,14.0
20210425,83,57.47,CompetitorA,58.73,2.2
20210425,83,57.47,CompetitorB,52.88,-8.0
20210425,83,57.47,CompetitorC,47.61,-17.2
20210425,148,32.44,CompetitorA,29.63,-8.7
20210425,148,32.44,CompetitorB,35.57,9.6
20210425,148,32.44,CompetitorC,35.61,9.8
20210425,153,81.33,CompetitorA,87.31,7.4
20210425,153,81.33,CompetitorB,73.45,-9.7
20210425,153,81.33,CompetitorC,89.75,10.4
20210425,64,58.59,CompetitorA,54.48,-7.0
20210425,64,58.59,CompetitorB,50.07,-14.5
20210425,64,58.59,CompetitorC,62.55,6.8
20210425,76,40.06,CompetitorA,36.71,-8.4
20210425,76,40.06,CompetitorB,32.58,-18.7
20210425,76,40.06,CompetitorC,34.66,-13.5
20201116,64,58.59,CompetitorA,58.56,-0.1
20201116,64,58.59,CompetitorB,52.69,-10.1
20201116,64,58.59,CompetitorC,56.14,-4.2
20201116,6,59.88,CompetitorA,60.61,1.2
20201116,6,59.88,CompetitorB,65.19,8.9
20201116,6,59.88,CompetitorC,61.25,2.3
20201116,3,40.19,CompetitorA,36.08,-10.2
20201116,3,40.19,CompetitorB,35.81,-10.9
20201116,3,40.19,CompetitorC,37.44,-6.8
20201116,149,30.48,CompetitorA,32.33,6.1
20201116,149,30.48,CompetitorB,33.81,10.9
20201116,149,30.48,CompetitorC,29.74,-2.4
20201116,52,37.7,CompetitorA,39.25,4.1
20201116,52,37.7,CompetitorB,40.94,8.6
20201116,52,37.7,CompetitorC,38.62,2.4
20201116,155,41.49,CompetitorA,43.72,5.4
20201116,155,41.49,CompetitorB,36.61,-11.8
20201116,155,41.49,CompetitorC,42.61,2.7
20201116,76,40.06,CompetitorA,34.16,-14.7
20201116,76,40.06,CompetitorB,36.65,-8.5
20201116,76,40.06,CompetitorC,34.61,-13.6
20201116,39,41.46,CompetitorA,43.62,5.2
20201116,39,41.46,CompetitorB,33.99,-18.0
20201116,39,41.46,CompetitorC,45.81,10.5
20201116,7,61.43,CompetitorA,68.93,12.2
20201116,7,61.43,CompetitorB,51.77,-15.7
20201116,7,61.43,CompetitorC,58.98,-4.0
20201116,154,50.12,CompetitorA,55.52,10.8
20201116,154,50.12,CompetitorB,52.3,4.3
20201116,154,50.12,CompetitorC,47.88,-4.5
20201116,46,47.84,CompetitorA,43.09,-9.9
20201116,46,47.84,CompetitorB,47.91,0.1
20201116,46,47.84,CompetitorC,54.97,14.9
20201116,67,37.97,CompetitorA,39.19,3.2
20201116,67,37.97,CompetitorB,32.6,-14.1
20201116,67,37.97,CompetitorC,38.69,1.9
20201116,148,32.44,CompetitorA,27.77,-14.4
20201116,148,32.44,CompetitorB,26.2,-19.2
20201116,148,32.44,CompetitorC,31.93,-1.6
20201116,153,81.33,CompetitorA,84.61,4.0
20201116,153,81.33,CompetitorB,78.98,-2.9
20201116,153,81.33,CompetitorC,80.41,-1.1
20201116,1,53.14,CompetitorA,60.24,13.4
20201116,1,53.14,CompetitorB,47.91,-9.8
20201116,1,53.14,CompetitorC,60.8,14.4
20201116,2,29.08,CompetitorA,30.75,5.7
20201116,2,29.08,CompetitorB,26.25,-9.7
20201116,2,29.08,CompetitorC,27.18,-6.5
20201116,83,57.47,CompetitorA,56.67,-1.4
20201116,83,57.47,CompetitorB,47.2,-17.9
20201116,83,57.47,CompetitorC,59.47,3.5
20201116,111,55.68,CompetitorA,61.72,10.8
20201116,111,55.68,CompetitorB,54.37,-2.4
20201116,111,55.68,CompetitorC,58.4,4.9
20201116,57,67.16,CompetitorA,76.6,14.1
20201116,57,67.16,CompetitorB,55.7,-17.1
20201116,57,67.16,CompetitorC,54.49,-18.9
20201116,107,45.85,CompetitorA,47.92,4.5
20201116,107,45.85,CompetitorB,44.91,-2.1
20201116,107,45.85,CompetitorC,49.6,8.2
20210102,111,55.68,CompetitorA,57.98,4.1
20210102,111,55.68,CompetitorB,58.08,4.3
20210102,111,55.68,CompetitorC,53.68,-3.6
20210102,107,45.85,CompetitorA,40.17,-12.4
20210102,107,45.85,CompetitorB,39.31,-14.3
20210102,107,45.85,CompetitorC,50.32,9.7
20210102,76,40.06,CompetitorA,37.52,-6.3
20210102,76,40.06,CompetitorB,39.71,-0.9
20210102,76,40.06,CompetitorC,43.84,9.4
20210102,3,40.19,CompetitorA,39.79,-1.0
20210102,3,40.19,CompetitorB,44.46,10.6
20210102,3,40.19,CompetitorC,40.8,1.5
20210102,52,37.7,CompetitorA,39.99,6.1
20210102,52,37.7,CompetitorB,43.18,14.5
20210102,52,37.7,CompetitorC,40.01,6.1
20210102,155,41.49,CompetitorA,42.11,1.5
20210102,155,41.49,CompetitorB,47.59,14.7
20210102,155,41.49,CompetitorC,41.59,0.2
20210102,148,32.44,CompetitorA,28.02,-13.6
20210102,148,32.44,CompetitorB,32.62,0.6
20210102,148,32.44,CompetitorC,26.8,-17.4
20210102,154,50.12,CompetitorA,49.94,-0.4
20210102,154,50.12,CompetitorB,43.4,-13.4
20210102,154,50.12,CompetitorC,57.46,14.6
20210102,39,41.46,CompetitorA,39.83,-3.9
20210102,39,41.46,CompetitorB,40.8,-1.6
20210102,39,41.46,CompetitorC,44.24,6.7
20210102,64,58.59,CompetitorA,67.03,14.4
20210102,64,58.59,CompetitorB,49.73,-15.1
20210102,64,58.59,CompetitorC,66.4,13.3
20210102,67,37.97,CompetitorA,36.03,-5.1
20210102,67,37.97,CompetitorB,37.23,-1.9
20210102,67,37.97,CompetitorC,37.1,-2.3
20210102,83,57.47,CompetitorA,59.32,3.2
20210102,83,57.47,CompetitorB,55.29,-3.8
20210102,83,57.47,CompetitorC,56.85,-1.1
20210102,6,59.88,CompetitorA,56.16,-6.2
20210102,6,59.88,CompetitorB,57.57,-3.9
20210102,6,59.88,CompetitorC,56.34,-5.9
20210102,57,67.16,CompetitorA,77.14,14.9
20210102,57,67.16,CompetitorB,60.43,-10.0
20210102,57,67.16,CompetitorC,73.2,9.0
20210102,7,61.43,CompetitorA,52.61,-14.4
20210102,7,61.43,CompetitorB,69.51,13.2
20210102,7,61.43,CompetitorC,65.14,6.0
20210102,8,56.61,CompetitorA,54.6,-3.6
20210102,8,56.61,CompetitorB,47.21,-16.6
20210102,8,56.61,CompetitorC,47.46,-16.2
20210102,153,81.33,CompetitorA,91.66,12.7
20210102,153,81.33,CompetitorB,88.37,8.7
20210102,153,81.33,CompetitorC,90.83,11.7
20210102,149,30.48,CompetitorA,30.26,-0.7
20210102,149,30.48,CompetitorB,27.3,-10.4
20210102,149,30.48,CompetitorC,28.95,-5.0
20210102,110,67.39,CompetitorA,76.44,13.4
20210102,110,67.39,CompetitorB,67.49,0.1
20210102,110,67.39,CompetitorC,60.66,-10.0
20210102,1,53.14,CompetitorA,58.03,9.2
20210102,1,53.14,CompetitorB,44.69,-15.9
20210102,1,53.14,CompetitorC,55.5,4.4
20190327,155,41.49,CompetitorA,45.91,10.7
20190327,155,41.49,CompetitorB,36.99,-10.8
20190327,155,41.49,CompetitorC,36.72,-11.5
20190327,6,59.88,CompetitorA,65.68,9.7
20190327,6,59.88,CompetitorB,48.42,-19.1
20190327,6,59.88,CompetitorC,62.28,4.0
20190327,149,30.48,CompetitorA,30.31,-0.6
20190327,149,30.48,CompetitorB,32.48,6.6
20190327,149,30.48,CompetitorC,34.28,12.5
20190327,148,32.44,CompetitorA,32.04,-1.2
20190327,148,32.44,CompetitorB,34.88,7.5
20190327,148,32.44,CompetitorC,26.93,-17.0
20190327,153,81.33,CompetitorA,74.79,-8.0
20190327,153,81.33,CompetitorB,70.71,-13.1
20190327,153,81.33,CompetitorC,76.39,-6.1
20190327,67,37.97,CompetitorA,40.67,7.1
20190327,67,37.97,CompetitorB,33.19,-12.6
20190327,67,37.97,CompetitorC,39.8,4.8
20190327,8,56.61,CompetitorA,60.23,6.4
20190327,8,56.61,CompetitorB,45.94,-18.8
20190327,8,56.61,CompetitorC,49.52,-12.5
20190327,76,40.06,CompetitorA,42.73,6.7
20190327,76,40.06,CompetitorB,38.18,-4.7
20190327,76,40.06,CompetitorC,33.71,-15.9
20190327,154,50.12,CompetitorA,51.22,2.2
20190327,154,50.12,CompetitorB,42.74,-14.7
20190327,154,50.12,CompetitorC,47.72,-4.8
20190327,64,58.59,CompetitorA,53.96,-7.9
20190327,64,58.59,CompetitorB,49.55,-15.4
20190327,64,58.59,CompetitorC,67.11,14.5
20190327,2,29.08,CompetitorA,23.34,-19.7
20190327,2,29.08,CompetitorB,25.91,-10.9
20190327,2,29.08,CompetitorC,31.7,9.0
20190327,107,45.85,CompetitorA,41.2,-10.1
20190327,107,45.85,CompetitorB,50.78,10.8
20190327,107,45.85,CompetitorC,41.41,-9.7
20190327,39,41.46,CompetitorA,36.27,-12.5
20190327,39,41.46,CompetitorB,39.47,-4.8
20190327,39,41.46,CompetitorC,42.42,2.3
20190327,1,53.14,CompetitorA,47.59,-10.4
20190327,1,53.14,CompetitorB,51.47,-3.1
20190327,1,53.14,CompetitorC,54.78,3.1
20190327,57,67.16,CompetitorA,54.22,-19.3
20190327,57,67.16,CompetitorB,58.13,-13.4
20190327,57,67.16,CompetitorC,54.08,-19.5
20190327,83,57.47,CompetitorA,65.22,13.5
20190327,83,57.47,CompetitorB,57.15,-0.6
20190327,83,57.47,CompetitorC,62.32,8.4
20190327,111,55.68,CompetitorA,51.36,-7.8
20190327,111,55.68,CompetitorB,58.16,4.5
20190327,111,55.68,CompetitorC,55.23,-0.8
20190327,52,37.7,CompetitorA,34.81,-7.7
20190327,52,37.7,CompetitorB,33.63,-10.8
20190327,52,37.7,CompetitorC,37.15,-1.5
20190327,7,61.43,CompetitorA,51.15,-16.7
20190327,7,61.43,CompetitorB,69.66,13.4
20190327,7,61.43,CompetitorC,56.86,-7.4
20190327,110,67.39,CompetitorA,75.76,12.4
20190327,110,67.39,CompetitorB,61.31,-9.0
20190327,110,67.39,CompetitorC,76.05,12.9
20200706,155,41.49,CompetitorA,42.9,3.4
20200706,155,41.49,CompetitorB,39.12,-5.7
20200706,155,41.49,CompetitorC,40.24,-3.0
20200706,67,37.97,CompetitorA,41.63,9.6
20200706,67,37.97,CompetitorB,39.29,3.5
20200706,67,37.97,CompetitorC,38.67,1.8
20200706,6,59.88,CompetitorA,66.54,11.1
20200706,6,59.88,CompetitorB,51.82,-13.5
20200706,6,59.88,CompetitorC,54.39,-9.2
20200706,52,37.7,CompetitorA,32.14,-14.7
20200706,52,37.7,CompetitorB,38.5,2.1
20200706,52,37.7,CompetitorC,35.04,-7.1
20200706,8,56.61,CompetitorA,56.8,0.3
20200706,8,56.61,CompetitorB,46.25,-18.3
20200706,8,56.61,CompetitorC,53.27,-5.9
20200706,1,53.14,CompetitorA,53.64,0.9
20200706,1,53.14,CompetitorB,54.74,3.0
20200706,1,53.14,CompetitorC,61.05,14.9
20200706,149,30.48,CompetitorA,30.05,-1.4
20200706,149,30.48,CompetitorB,34.9,14.5
20200706,149,30.48,CompetitorC,26.79,-12.1
20200706,57,67.16,CompetitorA,54.71,-18.5
20200706,57,67.16,CompetitorB,68.1,1.4
20200706,57,67.16,CompetitorC,72.92,8.6
20200706,110,67.39,CompetitorA,57.8,-14.2
20200706,110,67.39,CompetitorB,55.73,-17.3
20200706,110,67.39,CompetitorC,58.25,-13.6
20200706,107,45.85,CompetitorA,43.86,-4.3
20200706,107,45.85,CompetitorB,46.98,2.5
20200706,107,45.85,CompetitorC,44.01,-4.0
20200706,111,55.68,CompetitorA,48.8,-12.4
20200706,111,55.68,CompetitorB,51.38,-7.7
20200706,111,55.68,CompetitorC,58.22,4.6
20200706,153,81.33,CompetitorA,73.9,-9.1
20200706,153,81.33,CompetitorB,74.98,-7.8
20200706,153,81.33,CompetitorC,83.13,2.2
20200706,7,61.43,CompetitorA,52.21,-15.0
20200706,7,61.43,CompetitorB,58.31,-5.1
20200706,7,61.43,CompetitorC,55.22,-10.1
20200706,154,50.12,CompetitorA,44.41,-11.4
20200706,154,50.12,CompetitorB,55.08,9.9
20200706,154,50.12,CompetitorC,42.7,-14.8
20200706,64,58.59,CompetitorA,61.75,5.4
20200706,64,58.59,CompetitorB,62.91,7.4
20200706,64,58.59,CompetitorC,62.02,5.9
20200706,76,40.06,CompetitorA,33.65,-16.0
20200706,76,40.06,CompetitorB,41.6,3.8
20200706,76,40.06,CompetitorC,45.55,13.7
20200706,39,41.46,CompetitorA,34.71,-16.3
20200706,39,41.46,CompetitorB,43.39,4.7
20200706,39,41.46,CompetitorC,34.54,-16.7
20200706,46,47.84,CompetitorA,54.96,14.9
20200706,46,47.84,CompetitorB,46.34,-3.1
20200706,46,47.84,CompetitorC,39.0,-18.5
20200706,3,40.19,CompetitorA,40.58,1.0
20200706,3,40.19,CompetitorB,37.49,-6.7
20200706,3,40.19,CompetitorC,33.91,-15.6
20200706,2,29.08,CompetitorA,33.33,14.6
20200706,2,29.08,CompetitorB,28.56,-1.8
20200706,2,29.08,CompetitorC,27.63,-5.0
20190215,46,47.84,CompetitorA,47.13,-1.5
20190215,46,47.84,CompetitorB,39.99,-16.4
20190215,46,47.84,CompetitorC,43.89,-8.3
20190215,2,29.08,CompetitorA,26.62,-8.5
20190215,2,29.08,CompetitorB,32.45,11.6
20190215,2,29.08,CompetitorC,32.87,13.0
20190215,155,41.49,CompetitorA,34.04,-18.0
20190215,155,41.49,CompetitorB,46.18,11.3
20190215,155,41.49,CompetitorC,42.34,2.0
20190215,8,56.61,CompetitorA,48.88,-13.7
20190215,8,56.61,CompetitorB,46.5,-17.9
20190215,8,56.61,CompetitorC,61.03,7.8
20190215,3,40.19,CompetitorA,40.32,0.3
20190215,3,40.19,CompetitorB,45.42,13.0
20190215,3,40.19,CompetitorC,32.82,-18.3
20190215,6,59.88,CompetitorA,52.36,-12.6
20190215,6,59.88,CompetitorB,50.44,-15.8
20190215,6,59.88,CompetitorC,59.41,-0.8
20190215,57,67.16,CompetitorA,57.2,-14.8
20190215,57,67.16,CompetitorB,57.99,-13.7
20190215,57,67.16,CompetitorC,68.92,2.6
20190215,83,57.47,CompetitorA,49.35,-14.1
20190215,83,57.47,CompetitorB,53.55,-6.8
20190215,83,57.47,CompetitorC,63.82,11.0
20190215,154,50.12,CompetitorA,41.64,-16.9
20190215,154,50.12,CompetitorB,43.22,-13.8
20190215,154,50.12,CompetitorC,49.32,-1.6
20190215,52,37.7,CompetitorA,31.55,-16.3
20190215,52,37.7,CompetitorB,38.74,2.8
20190215,52,37.7,CompetitorC,36.76,-2.5
20190215,149,30.48,CompetitorA,25.73,-15.6
20190215,149,30.48,CompetitorB,26.75,-12.2
20190215,149,30.48,CompetitorC,34.37,12.8
20190215,153,81.33,CompetitorA,76.07,-6.5
20190215,153,81.33,CompetitorB,74.83,-8.0
20190215,153,81.33,CompetitorC,80.63,-0.9
20190215,7,61.43,CompetitorA,64.31,4.7
20190215,7,61.43,CompetitorB,67.86,10.5
20190215,7,61.43,CompetitorC,56.72,-7.7
20190215,107,45.85,CompetitorA,41.46,-9.6
20190215,107,45.85,CompetitorB,37.69,-17.8
20190215,107,45.85,CompetitorC,46.26,0.9
20190215,110,67.39,CompetitorA,65.11,-3.4
20190215,110,67.39,CompetitorB,77.05,14.3
20190215,110,67.39,CompetitorC,64.15,-4.8
20190215,64,58.59,CompetitorA,59.56,1.7
20190215,64,58.59,CompetitorB,53.19,-9.2
20190215,64,58.59,CompetitorC,51.74,-11.7
20190215,111,55.68,CompetitorA,62.54,12.3
20190215,111,55.68,CompetitorB,54.79,-1.6
20190215,111,55.68,CompetitorC,48.57,-12.8
20190215,76,40.06,CompetitorA,44.67,11.5
20190215,76,40.06,CompetitorB,36.18,-9.7
20190215,76,40.06,CompetitorC,32.85,-18.0
20190215,67,37.97,CompetitorA,40.15,5.7
20190215,67,37.97,CompetitorB,34.11,-10.2
20190215,67,37.97,CompetitorC,30.47,-19.8
20190215,148,32.44,CompetitorA,33.93,4.6
20190215,148,32.44,CompetitorB,26.3,-18.9
20190215,148,32.44,CompetitorC,29.52,-9.0
20190524,8,56.61,CompetitorA,55.52,-1.9
20190524,8,56.61,CompetitorB,52.63,-7.0
20190524,8,56.61,CompetitorC,61.03,7.8
20190524,155,41.49,CompetitorA,43.19,4.1
20190524,155,41.49,CompetitorB,34.21,-17.5
20190524,155,41.49,CompetitorC,37.36,-10.0
20190524,3,40.19,CompetitorA,33.1,-17.6
20190524,3,40.19,CompetitorB,34.05,-15.3
20190524,3,40.19,CompetitorC,39.75,-1.1
20190524,107,45.85,CompetitorA,49.75,8.5
20190524,107,45.85,CompetitorB,43.21,-5.8
20190524,107,45.85,CompetitorC,42.1,-8.2
20190524,46,47.84,CompetitorA,46.3,-3.2
20190524,46,47.84,CompetitorB,53.34,11.5
20190524,46,47.84,CompetitorC,48.86,2.1
20190524,57,67.16,CompetitorA,67.06,-0.1
20190524,57,67.16,CompetitorB,62.04,-7.6
20190524,57,67.16,CompetitorC,57.49,-14.4
20190524,83,57.47,CompetitorA,61.3,6.7
20190524,83,57.47,CompetitorB,56.43,-1.8
20190524,83,57.47,CompetitorC,46.34,-19.4
20190524,110,67.39,CompetitorA,59.91,-11.1
20190524,110,67.39,CompetitorB,58.84,-12.7
20190524,110,67.39,CompetitorC,63.67,-5.5
20190524,154,50.12,CompetitorA,55.73,11.2
20190524,154,50.12,CompetitorB,51.2,2.2
20190524,154,50.12,CompetitorC,52.9,5.5
20190524,64,58.59,CompetitorA,51.29,-12.5
20190524,64,58.59,CompetitorB,61.71,5.3
20190524,64,58.59,CompetitorC,59.23,1.1
20190524,148,32.44,CompetitorA,32.12,-1.0
20190524,148,32.44,CompetitorB,27.49,-15.3
20190524,148,32.44,CompetitorC,31.18,-3.9
20190524,39,41.46,CompetitorA,39.82,-4.0
20190524,39,41.46,CompetitorB,40.4,-2.6
20190524,39,41.46,CompetitorC,36.4,-12.2
20190524,67,37.97,CompetitorA,42.7,12.5
20190524,67,37.97,CompetitorB,40.09,5.6
20190524,67,37.97,CompetitorC,40.25,6.0
20190524,7,61.43,CompetitorA,55.99,-8.9
20190524,7,61.43,CompetitorB,70.37,14.6
20190524,7,61.43,CompetitorC,60.11,-2.1
20190524,149,30.48,CompetitorA,27.59,-9.5
20190524,149,30.48,CompetitorB,25.4,-16.7
20190524,149,30.48,CompetitorC,32.55,6.8
20190524,52,37.7,CompetitorA,39.1,3.7
20190524,52,37.7,CompetitorB,37.02,-1.8
20190524,52,37.7,CompetitorC,41.18,9.2
20190524,6,59.88,CompetitorA,66.13,10.4
20190524,6,59.88,CompetitorB,49.95,-16.6
20190524,6,59.88,CompetitorC,63.62,6.2
20190524,111,55.68,CompetitorA,63.31,13.7
20190524,111,55.68,CompetitorB,59.89,7.6
20190524,111,55.68,CompetitorC,55.51,-0.3
20190524,2,29.08,CompetitorA,29.53,1.5
20190524,2,29.08,CompetitorB,23.33,-19.8
20190524,2,29.08,CompetitorC,27.33,-6.0
20190524,1,53.14,CompetitorA,59.93,12.8
20190524,1,53.14,CompetitorB,49.88,-6.1
20190524,1,53.14,CompetitorC,43.15,-18.8
20191013,8,56.61,CompetitorA,46.22,-18.4
20191013,8,56.61,CompetitorB,59.04,4.3
20191013,8,56.61,CompetitorC,59.31,4.8
20191013,7,61.43,CompetitorA,54.11,-11.9
20191013,7,61.43,CompetitorB,58.02,-5.6
20191013,7,61.43,CompetitorC,70.09,14.1
20191013,46,47.84,CompetitorA,48.16,0.7
20191013,46,47.84,CompetitorB,54.96,14.9
20191013,46,47.84,CompetitorC,47.68,-0.3
20191013,57,67.16,CompetitorA,75.58,12.5
20191013,57,67.16,CompetitorB,59.55,-11.3
20191013,57,67.16,CompetitorC,54.48,-18.9
20191013,67,37.97,CompetitorA,32.51,-14.4
20191013,67,37.97,CompetitorB,37.89,-0.2
20191013,67,37.97,CompetitorC,34.55,-9.0
20191013,39,41.46,CompetitorA,34.98,-15.6
20191013,39,41.46,CompetitorB,35.43,-14.5
20191013,39,41.46,CompetitorC,47.45,14.4
20191013,1,53.14,CompetitorA,50.58,-4.8
20191013,1,53.14,CompetitorB,51.28,-3.5
20191013,1,53.14,CompetitorC,48.79,-8.2
20191013,64,58.59,CompetitorA,57.57,-1.7
20191013,64,58.59,CompetitorB,64.83,10.7
20191013,64,58.59,CompetitorC,61.27,4.6
20191013,149,30.48,CompetitorA,32.39,6.3
20191013,149,30.48,CompetitorB,33.43,9.7
20191013,149,30.48,CompetitorC,32.49,6.6
20191013,83,57.47,CompetitorA,53.21,-7.4
20191013,83,57.47,CompetitorB,56.79,-1.2
20191013,83,57.47,CompetitorC,64.56,12.3
20191013,6,59.88,CompetitorA,51.32,-14.3
20191013,6,59.88,CompetitorB,67.11,12.1
20191013,6,59.88,CompetitorC,54.16,-9.6
20191013,155,41.49,CompetitorA,46.46,12.0
20191013,155,41.49,CompetitorB,35.99,-13.3
20191013,155,41.49,CompetitorC,34.49,-16.9
20191013,110,67.39,CompetitorA,61.6,-8.6
20191013,110,67.39,CompetitorB,59.78,-11.3
20191013,110,67.39,CompetitorC,76.76,13.9
20191013,148,32.44,CompetitorA,35.41,9.2
20191013,148,32.44,CompetitorB,33.33,2.7
20191013,148,32.44,CompetitorC,36.82,13.5
20191013,111,55.68,CompetitorA,51.48,-7.5
20191013,111,55.68,CompetitorB,49.66,-10.8
20191013,111,55.68,CompetitorC,54.69,-1.8
20191013,52,37.7,CompetitorA,33.94,-10.0
20191013,52,37.7,CompetitorB,34.06,-9.7
20191013,52,37.7,CompetitorC,34.08,-9.6
20191013,153,81.33,CompetitorA,72.05,-11.4
20191013,153,81.33,CompetitorB,75.81,-6.8
20191013,153,81.33,CompetitorC,70.71,-13.1
20191013,154,50.12,CompetitorA,51.1,2.0
20191013,154,50.12,CompetitorB,49.2,-1.8
20191013,154,50.12,CompetitorC,47.36,-5.5
20191013,2,29.08,CompetitorA,27.36,-5.9
20191013,2,29.08,CompetitorB,23.72,-18.4
20191013,2,29.08,CompetitorC,29.58,1.7
20191013,76,40.06,CompetitorA,43.28,8.0
20191013,76,40.06,CompetitorB,36.98,-7.7
20191013,76,40.06,CompetitorC,41.22,2.9
20191223,3,40.19,CompetitorA,42.62,6.0
20191223,3,40.19,CompetitorB,33.65,-16.3
20191223,3,40.19,CompetitorC,40.49,0.7
20191223,107,45.85,CompetitorA,46.95,2.4
20191223,107,45.85,CompetitorB,37.91,-17.3
20191223,107,45.85,CompetitorC,37.34,-18.6
20191223,155,41.49,CompetitorA,35.93,-13.4
20191223,155,41.49,CompetitorB,41.11,-0.9
20191223,155,41.49,CompetitorC,41.73,0.6
20191223,149,30.48,CompetitorA,25.65,-15.8
20191223,149,30.48,CompetitorB,34.33,12.6
20191223,149,30.48,CompetitorC,26.42,-13.3
20191223,64,58.59,CompetitorA,63.38,8.2
20191223,64,58.59,CompetitorB,65.94,12.5
20191223,64,58.59,CompetitorC,58.66,0.1
20191223,7,61.43,CompetitorA,63.71,3.7
20191223,7,61.43,CompetitorB,56.84,-7.5
20191223,7,61.43,CompetitorC,52.38,-14.7
20191223,83,57.47,CompetitorA,54.01,-6.0
20191223,83,57.47,CompetitorB,47.29,-17.7
20191223,83,57.47,CompetitorC,57.95,0.8
20191223,111,55.68,CompetitorA,52.25,-6.2
20191223,111,55.68,CompetitorB,62.98,13.1
20191223,111,55.68,CompetitorC,46.64,-16.2
20191223,39,41.46,CompetitorA,36.24,-12.6
20191223,39,41.46,CompetitorB,34.47,-16.9
20191223,39,41.46,CompetitorC,35.27,-14.9
20191223,110,67.39,CompetitorA,70.76,5.0
20191223,110,67.39,CompetitorB,66.5,-1.3
20191223,110,67.39,CompetitorC,72.06,6.9
20191223,46,47.84,CompetitorA,41.85,-12.5
20191223,46,47.84,CompetitorB,39.89,-16.6
20191223,46,47.84,CompetitorC,53.59,12.0
20191223,76,40.06,CompetitorA,33.95,-15.3
20191223,76,40.06,CompetitorB,39.34,-1.8
20191223,76,40.06,CompetitorC,33.85,-15.5
20191223,67,37.97,CompetitorA,41.31,8.8
20191223,67,37.97,CompetitorB,36.47,-4.0
20191223,67,37.97,CompetitorC,31.76,-16.4
20191223,1,53.14,CompetitorA,56.32,6.0
20191223,1,53.14,CompetitorB,46.56,-12.4
20191223,1,53.14,CompetitorC,60.48,13.8
20191223,148,32.44,CompetitorA,30.11,-7.2
20191223,148,32.44,CompetitorB,32.82,1.2
20191223,148,32.44,CompetitorC,33.31,2.7
20191223,57,67.16,CompetitorA,54.59,-18.7
20191223,57,67.16,CompetitorB,64.36,-4.2
20191223,57,67.16,CompetitorC,55.84,-16.9
20191223,153,81.33,CompetitorA,77.46,-4.8
20191223,153,81.33,CompetitorB,68.1,-16.3
20191223,153,81.33,CompetitorC,72.04,-11.4
20191223,52,37.7,CompetitorA,37.62,-0.2
20191223,52,37.7,CompetitorB,33.98,-9.9
20191223,52,37.7,CompetitorC,39.7,5.3
20191223,6,59.88,CompetitorA,54.93,-8.3
20191223,6,59.88,CompetitorB,54.43,-9.1
20191223,6,59.88,CompetitorC,66.39,10.9
20191223,154,50.12,CompetitorA,52.13,4.0
20191223,154,50.12,CompetitorB,54.78,9.3
20191223,154,50.12,CompetitorC,52.29,4.3
20210116,3,40.19,CompetitorA,37.51,-6.7
20210116,3,40.19,CompetitorB,38.92,-3.2
20210116,3,40.19,CompetitorC,42.14,4.9
20210116,2,29.08,CompetitorA,24.88,-14.4
20210116,2,29.08,CompetitorB,24.48,-15.8
20210116,2,29.08,CompetitorC,31.99,10.0
20210116,155,41.49,CompetitorA,42.15,1.6
20210116,155,41.49,CompetitorB,39.54,-4.7
20210116,155,41.49,CompetitorC,37.03,-10.7
20210116,111,55.68,CompetitorA,59.32,6.5
20210116,111,55.68,CompetitorB,61.54,10.5
20210116,111,55.68,CompetitorC,46.73,-16.1
20210116,39,41.46,CompetitorA,47.67,15.0
20210116,39,41.46,CompetitorB,40.7,-1.8
20210116,39,41.46,CompetitorC,47.36,14.2
20210116,64,58.59,CompetitorA,62.88,7.3
20210116,64,58.59,CompetitorB,55.5,-5.3
20210116,64,58.59,CompetitorC,60.13,2.6
20210116,110,67.39,CompetitorA,60.89,-9.6
20210116,110,67.39,CompetitorB,62.54,-7.2
20210116,110,67.39,CompetitorC,76.44,13.4
20210116,149,30.48,CompetitorA,33.28,9.2
20210116,149,30.48,CompetitorB,25.13,-17.6
20210116,149,30.48,CompetitorC,25.31,-17.0
20210116,52,37.7,CompetitorA,35.06,-7.0
20210116,52,37.7,CompetitorB,35.13,-6.8
20210116,52,37.7,CompetitorC,33.93,-10.0
20210116,7,61.43,CompetitorA,55.8,-9.2
20210116,7,61.43,CompetitorB,49.69,-19.1
20210116,7,61.43,CompetitorC,52.9,-13.9
20210116,1,53.14,CompetitorA,53.39,0.5
20210116,1,53.14,CompetitorB,50.83,-4.3
20210116,1,53.14,CompetitorC,55.16,3.8
20210116,57,67.16,CompetitorA,58.95,-12.2
20210116,57,67.16,CompetitorB,58.82,-12.4
20210116,57,67.16,CompetitorC,61.58,-8.3
20210116,46,47.84,CompetitorA,50.82,6.2
20210116,46,47.84,CompetitorB,51.4,7.4
20210116,46,47.84,CompetitorC,50.86,6.3
20210116,153,81.33,CompetitorA,75.77,-6.8
20210116,153,81.33,CompetitorB,88.88,9.3
20210116,153,81.33,CompetitorC,85.88,5.6
20210116,67,37.97,CompetitorA,41.99,10.6
20210116,67,37.97,CompetitorB,39.75,4.7
20210116,67,37.97,CompetitorC,39.1,3.0
20210116,6,59.88,CompetitorA,47.97,-19.9
20210116,6,59.88,CompetitorB,58.18,-2.8
20210116,6,59.88,CompetitorC,65.56,9.5
20210116,8,56.61,CompetitorA,45.52,-19.6
20210116,8,56.61,CompetitorB,58.32,3.0
20210116,8,56.61,CompetitorC,45.33,-19.9
20210116,76,40.06,CompetitorA,45.95,14.7
20210116,76,40.06,CompetitorB,41.95,4.7
20210116,76,40.06,CompetitorC,37.17,-7.2
20210116,107,45.85,CompetitorA,40.79,-11.0
20210116,107,45.85,CompetitorB,41.34,-9.8
20210116,107,45.85,CompetitorC,45.59,-0.6
20210116,154,50.12,CompetitorA,53.86,7.5
20210116,154,50.12,CompetitorB,51.12,2.0
20210116,154,50.12,CompetitorC,48.46,-3.3
20190530,111,55.68,CompetitorA,47.07,-15.5
20190530,111,55.68,CompetitorB,52.13,-6.4
20190530,111,55.68,CompetitorC,48.96,-12.1
20190530,110,67.39,CompetitorA,74.61,10.7
20190530,110,67.39,CompetitorB,57.49,-14.7
20190530,110,67.39,CompetitorC,59.98,-11.0
20190530,149,30.48,CompetitorA,31.83,4.4
20190530,149,30.48,CompetitorB,26.73,-12.3
20190530,149,30.48,CompetitorC,34.7,13.8
20190530,2,29.08,CompetitorA,31.67,8.9
20190530,2,29.08,CompetitorB,23.52,-19.1
20190530,2,29.08,CompetitorC,23.37,-19.6
20190530,154,50.12,CompetitorA,49.29,-1.7
20190530,154,50.12,CompetitorB,42.29,-15.6
20190530,154,50.12,CompetitorC,56.62,13.0
20190530,8,56.61,CompetitorA,58.21,2.8
20190530,8,56.61,CompetitorB,49.11,-13.2
20190530,8,56.61,CompetitorC,48.07,-15.1
20190530,57,67.16,CompetitorA,71.44,6.4
20190530,57,67.16,CompetitorB,55.65,-17.1
20190530,57,67.16,CompetitorC,75.33,12.2
20190530,148,32.44,CompetitorA,32.61,0.5
20190530,148,32.44,CompetitorB,32.45,0.0
20190530,148,32.44,CompetitorC,34.0,4.8
20190530,3,40.19,CompetitorA,34.11,-15.1
20190530,3,40.19,CompetitorB,41.2,2.5
20190530,3,40.19,CompetitorC,33.46,-16.7
20190530,1,53.14,CompetitorA,50.12,-5.7
20190530,1,53.14,CompetitorB,58.7,10.5
20190530,1,53.14,CompetitorC,52.21,-1.8
20190530,76,40.06,CompetitorA,33.94,-15.3
20190530,76,40.06,CompetitorB,39.83,-0.6
20190530,76,40.06,CompetitorC,45.24,12.9
20190530,46,47.84,CompetitorA,54.31,13.5
20190530,46,47.84,CompetitorB,47.66,-0.4
20190530,46,47.84,CompetitorC,45.04,-5.9
20190530,52,37.7,CompetitorA,31.53,-16.4
20190530,52,37.7,CompetitorB,32.86,-12.8
20190530,52,37.7,CompetitorC,33.52,-11.1
20190530,6,59.88,CompetitorA,55.51,-7.3
20190530,6,59.88,CompetitorB,66.49,11.0
20190530,6,59.88,CompetitorC,62.14,3.8
20190530,67,37.97,CompetitorA,38.6,1.7
20190530,67,37.97,CompetitorB,31.8,-16.2
20190530,67,37.97,CompetitorC,39.19,3.2
20190530,39,41.46,CompetitorA,46.1,11.2
20190530,39,41.46,CompetitorB,38.62,-6.8
20190530,39,41.46,CompetitorC,37.39,-9.8
20190530,153,81.33,CompetitorA,65.27,-19.7
20190530,153,81.33,CompetitorB,73.09,-10.1
20190530,153,81.33,CompetitorC,80.74,-0.7
20190530,64,58.59,CompetitorA,48.28,-17.6
20190530,64,58.59,CompetitorB,63.77,8.8
20190530,64,58.59,CompetitorC,46.94,-19.9
20190530,7,61.43,CompetitorA,52.4,-14.7
20190530,7,61.43,CompetitorB,53.0,-13.7
20190530,7,61.43,CompetitorC,69.23,12.7
20190530,155,41.49,CompetitorA,41.09,-1.0
20190530,155,41.49,CompetitorB,38.02,-8.4
20190530,155,41.49,CompetitorC,42.26,1.9
20200518,76,40.06,CompetitorA,42.36,5.7
20200518,76,40.06,CompetitorB,45.59,13.8
20200518,76,40.06,CompetitorC,45.92,14.6
20200518,2,29.08,CompetitorA,29.4,1.1
20200518,2,29.08,CompetitorB,29.26,0.6
20200518,2,29.08,CompetitorC,31.78,9.3
20200518,1,53.14,CompetitorA,54.64,2.8
20200518,1,53.14,CompetitorB,51.25,-3.6
20200518,1,53.14,CompetitorC,44.44,-16.4
20200518,67,37.97,CompetitorA,34.62,-8.8
20200518,67,37.97,CompetitorB,35.73,-5.9
20200518,67,37.97,CompetitorC,33.8,-11.0
20200518,46,47.84,CompetitorA,49.94,4.4
20200518,46,47.84,CompetitorB,42.34,-11.5
20200518,46,47.84,CompetitorC,48.85,2.1
20200518,107,45.85,CompetitorA,45.88,0.1
20200518,107,45.85,CompetitorB,51.6,12.5
20200518,107,45.85,CompetitorC,38.43,-16.2
20200518,83,57.47,CompetitorA,62.37,8.5
20200518,83,57.47,CompetitorB,57.36,-0.2
20200518,83,57.47,CompetitorC,46.25,-19.5
20200518,8,56.61,CompetitorA,64.29,13.6
20200518,8,56.61,CompetitorB,61.69,9.0
20200518,8,56.61,CompetitorC,64.46,13.9
20200518,52,37.7,CompetitorA,35.87,-4.9
20200518,52,37.7,CompetitorB,33.54,-11.0
20200518,52,37.7,CompetitorC,35.85,-4.9
20200518,64,58.59,CompetitorA,54.89,-6.3
20200518,64,58.59,CompetitorB,66.16,12.9
20200518,64,58.59,CompetitorC,53.26,-9.1
20200518,39,41.46,CompetitorA,33.36,-19.5
20200518,39,41.46,CompetitorB,40.52,-2.3
20200518,39,41.46,CompetitorC,35.22,-15.1
20200518,154,50.12,CompetitorA,54.5,8.7
20200518,154,50.12,CompetitorB,55.35,10.4
20200518,154,50.12,CompetitorC,50.9,1.6
20200518,153,81.33,CompetitorA,75.93,-6.6
20200518,153,81.33,CompetitorB,72.33,-11.1
20200518,153,81.33,CompetitorC,81.83,0.6
20200518,155,41.49,CompetitorA,42.96,3.5
20200518,155,41.49,CompetitorB,42.73,3.0
20200518,155,41.49,CompetitorC,33.5,-19.3
20200518,111,55.68,CompetitorA,45.77,-17.8
20200518,111,55.68,CompetitorB,62.7,12.6
20200518,111,55.68,CompetitorC,50.38,-9.5
20200518,3,40.19,CompetitorA,38.54,-4.1
20200518,3,40.19,CompetitorB,35.4,-11.9
20200518,3,40.19,CompetitorC,34.15,-15.0
20200518,148,32.44,CompetitorA,31.41,-3.2
20200518,148,32.44,CompetitorB,30.28,-6.7
20200518,148,32.44,CompetitorC,27.53,-15.1
20200518,57,67.16,CompetitorA,58.1,-13.5
20200518,57,67.16,CompetitorB,58.43,-13.0
20200518,57,67.16,CompetitorC,77.13,14.8
20200518,6,59.88,CompetitorA,55.75,-6.9
20200518,6,59.88,CompetitorB,60.22,0.6
20200518,6,59.88,CompetitorC,55.77,-6.9
20200518,149,30.48,CompetitorA,27.98,-8.2
20200518,149,30.48,CompetitorB,33.27,9.2
20200518,149,30.48,CompetitorC,27.19,-10.8
20190204,149,30.48,CompetitorA,26.99,-11.5
20190204,149,30.48,CompetitorB,28.52,-6.4
20190204,149,30.48,CompetitorC,31.51,3.4
20190204,111,55.68,CompetitorA,53.06,-4.7
20190204,111,55.68,CompetitorB,49.89,-10.4
20190204,111,55.68,CompetitorC,62.43,12.1
20190204,154,50.12,CompetitorA,53.15,6.0
20190204,154,50.12,CompetitorB,51.78,3.3
20190204,154,50.12,CompetitorC,54.27,8.3
20190204,153,81.33,CompetitorA,78.31,-3.7
20190204,153,81.33,CompetitorB,93.19,14.6
20190204,153,81.33,CompetitorC,68.19,-16.2
20190204,57,67.16,CompetitorA,57.79,-14.0
20190204,57,67.16,CompetitorB,63.18,-5.9
20190204,57,67.16,CompetitorC,55.57,-17.3
20190204,7,61.43,CompetitorA,63.23,2.9
20190204,7,61.43,CompetitorB,55.62,-9.5
20190204,7,61.43,CompetitorC,51.57,-16.1
20190204,67,37.97,CompetitorA,34.2,-9.9
20190204,67,37.97,CompetitorB,38.04,0.2
20190204,67,37.97,CompetitorC,41.66,9.7
20190204,76,40.06,CompetitorA,38.1,-4.9
20190204,76,40.06,CompetitorB,43.65,9.0
20190204,76,40.06,CompetitorC,38.47,-4.0
20190204,107,45.85,CompetitorA,45.6,-0.5
20190204,107,45.85,CompetitorB,46.45,1.3
20190204,107,45.85,CompetitorC,51.98,13.4
20190204,148,32.44,CompetitorA,33.5,3.3
20190204,148,32.44,CompetitorB,35.44,9.2
20190204,148,32.44,CompetitorC,34.35,5.9
20190204,46,47.84,CompetitorA,47.44,-0.8
20190204,46,47.84,CompetitorB,38.94,-18.6
20190204,46,47.84,CompetitorC,44.91,-6.1
20190204,39,41.46,CompetitorA,39.72,-4.2
20190204,39,41.46,CompetitorB,34.35,-17.1
20190204,39,41.46,CompetitorC,44.78,8.0
20190204,110,67.39,CompetitorA,71.25,5.7
20190204,110,67.39,CompetitorB,67.38,-0.0
20190204,110,67.39,CompetitorC,69.54,3.2
20190204,1,53.14,CompetitorA,50.31,-5.3
20190204,1,53.14,CompetitorB,49.34,-7.2
20190204,1,53.14,CompetitorC,47.21,-11.2
20190204,52,37.7,CompetitorA,31.71,-15.9
20190204,52,37.7,CompetitorB,38.17,1.2
20190204,52,37.7,CompetitorC,41.61,10.4
20190204,8,56.61,CompetitorA,49.45,-12.6
20190204,8,56.61,CompetitorB,51.05,-9.8
20190204,8,56.61,CompetitorC,62.47,10.4
20190204,2,29.08,CompetitorA,28.54,-1.9
20190204,2,29.08,CompetitorB,28.51,-2.0
20190204,2,29.08,CompetitorC,26.88,-7.6
20190204,3,40.19,CompetitorA,45.28,12.7
20190204,3,40.19,CompetitorB,35.17,-12.5
20190204,3,40.19,CompetitorC,43.93,9.3
20190204,83,57.47,CompetitorA,60.24,4.8
20190204,83,57.47,CompetitorB,64.7,12.6
20190204,83,57.47,CompetitorC,49.33,-14.2
20190204,6,59.88,CompetitorA,65.4,9.2
20190204,6,59.88,CompetitorB,56.65,-5.4
20190204,6,59.88,CompetitorC,58.79,-1.8
20200328,57,67.16,CompetitorA,68.05,1.3
20200328,57,67.16,CompetitorB,74.42,10.8
20200328,57,67.16,CompetitorC,74.74,11.3
20200328,154,50.12,CompetitorA,42.95,-14.3
20200328,154,50.12,CompetitorB,49.73,-0.8
20200328,154,50.12,CompetitorC,46.69,-6.8
20200328,64,58.59,CompetitorA,51.06,-12.9
20200328,64,58.59,CompetitorB,51.17,-12.7
20200328,64,58.59,CompetitorC,57.64,-1.6
20200328,76,40.06,CompetitorA,45.81,14.4
20200328,76,40.06,CompetitorB,39.05,-2.5
20200328,76,40.06,CompetitorC,43.51,8.6
20200328,3,40.19,CompetitorA,38.96,-3.1
20200328,3,40.19,CompetitorB,45.18,12.4
20200328,3,40.19,CompetitorC,35.5,-11.7
20200328,8,56.61,CompetitorA,51.08,-9.8
20200328,8,56.61,CompetitorB,55.63,-1.7
20200328,8,56.61,CompetitorC,51.04,-9.8
20200328,148,32.44,CompetitorA,36.03,11.1
20200328,148,32.44,CompetitorB,33.51,3.3
20200328,148,32.44,CompetitorC,28.91,-10.9
20200328,111,55.68,CompetitorA,62.98,13.1
20200328,111,55.68,CompetitorB,53.04,-4.7
20200328,111,55.68,CompetitorC,54.82,-1.5
20200328,110,67.39,CompetitorA,69.29,2.8
20200328,110,67.39,CompetitorB,55.45,-17.7
20200328,110,67.39,CompetitorC,75.52,12.1
20200328,2,29.08,CompetitorA,23.27,-20.0
20200328,2,29.08,CompetitorB,23.95,-17.6
20200328,2,29.08,CompetitorC,27.77,-4.5
20200328,149,30.48,CompetitorA,34.08,11.8
20200328,149,30.48,CompetitorB,24.98,-18.0
20200328,149,30.48,CompetitorC,33.19,8.9
20200328,107,45.85,CompetitorA,46.04,0.4
20200328,107,45.85,CompetitorB,48.49,5.8
20200328,107,45.85,CompetitorC,42.2,-8.0
20200328,153,81.33,CompetitorA,93.51,15.0
20200328,153,81.33,CompetitorB,78.37,-3.6
20200328,153,81.33,CompetitorC,83.9,3.2
20200328,46,47.84,CompetitorA,54.7,14.3
20200328,46,47.84,CompetitorB,41.46,-13.3
20200328,46,47.84,CompetitorC,53.6,12.0
20200328,7,61.43,CompetitorA,55.75,-9.2
20200328,7,61.43,CompetitorB,63.38,3.2
20200328,7,61.43,CompetitorC,67.84,10.4
20200328,155,41.49,CompetitorA,34.99,-15.7
20200328,155,41.49,CompetitorB,45.92,10.7
20200328,155,41.49,CompetitorC,45.96,10.8
20200328,83,57.47,CompetitorA,60.46,5.2
20200328,83,57.47,CompetitorB,62.51,8.8
20200328,83,57.47,CompetitorC,62.85,9.4
20200328,1,53.14,CompetitorA,58.55,10.2
20200328,1,53.14,CompetitorB,44.94,-15.4
20200328,1,53.14,CompetitorC,58.81,10.7
20200328,39,41.46,CompetitorA,47.28,14.0
20200328,39,41.46,CompetitorB,37.52,-9.5
20200328,39,41.46,CompetitorC,40.64,-2.0
20200328,52,37.7,CompetitorA,35.31,-6.3
20200328,52,37.7,CompetitorB,35.71,-5.3
20200328,52,37.7,CompetitorC,42.79,13.5
20200421,153,81.33,CompetitorA,84.25,3.6
20200421,153,81.33,CompetitorB,71.91,-11.6
20200421,153,81.33,CompetitorC,90.73,11.6
20200421,149,30.48,CompetitorA,32.68,7.2
20200421,149,30.48,CompetitorB,26.34,-13.6
20200421,149,30.48,CompetitorC,25.55,-16.2
20200421,110,67.39,CompetitorA,58.33,-13.4
20200421,110,67.39,CompetitorB,58.97,-12.5
20200421,110,67.39,CompetitorC,66.37,-1.5
20200421,6,59.88,CompetitorA,66.77,11.5
20200421,6,59.88,CompetitorB,66.17,10.5
20200421,6,59.88,CompetitorC,62.73,4.8
20200421,7,61.43,CompetitorA,58.55,-4.7
20200421,7,61.43,CompetitorB,56.93,-7.3
20200421,7,61.43,CompetitorC,50.71,-17.5
20200421,8,56.61,CompetitorA,48.24,-14.8
20200421,8,56.61,CompetitorB,46.35,-18.1
20200421,8,56.61,CompetitorC,48.99,-13.5
20200421,46,47.84,CompetitorA,49.27,3.0
20200421,46,47.84,CompetitorB,42.54,-11.1
20200421,46,47.84,CompetitorC,51.31,7.3
20200421,111,55.68,CompetitorA,54.15,-2.7
20200421,111,55.68,CompetitorB,57.39,3.1
20200421,111,55.68,CompetitorC,53.07,-4.7
20200421,76,40.06,CompetitorA,37.28,-6.9
20200421,76,40.06,CompetitorB,42.95,7.2
20200421,76,40.06,CompetitorC,39.66,-1.0
20200421,1,53.14,CompetitorA,58.23,9.6
20200421,1,53.14,CompetitorB,60.16,13.2
20200421,1,53.14,CompetitorC,47.69,-10.3
20200421,64,58.59,CompetitorA,58.59,0.0
20200421,64,58.59,CompetitorB,62.06,5.9
20200421,64,58.59,CompetitorC,61.83,5.5
20200421,107,45.85,CompetitorA,47.45,3.5
20200421,107,45.85,CompetitorB,44.77,-2.4
20200421,107,45.85,CompetitorC,49.44,7.8
20200421,83,57.47,CompetitorA,50.55,-12.0
20200421,83,57.47,CompetitorB,54.29,-5.5
20200421,83,57.47,CompetitorC,49.31,-14.2
20200421,154,50.12,CompetitorA,42.36,-15.5
20200421,154,50.12,CompetitorB,49.99,-0.3
20200421,154,50.12,CompetitorC,47.92,-4.4
20200421,155,41.49,CompetitorA,36.66,-11.6
20200421,155,41.49,CompetitorB,37.02,-10.8
20200421,155,41.49,CompetitorC,35.15,-15.3
20200421,67,37.97,CompetitorA,38.41,1.2
20200421,67,37.97,CompetitorB,37.11,-2.3
20200421,67,37.97,CompetitorC,38.99,2.7
20200421,3,40.19,CompetitorA,45.26,12.6
20200421,3,40.19,CompetitorB,36.9,-8.2
20200421,3,40.19,CompetitorC,45.31,12.7
20200421,52,37.7,CompetitorA,42.95,13.9
20200421,52,37.7,CompetitorB,39.16,3.9
20200421,52,37.7,CompetitorC,38.55,2.3
20200421,57,67.16,CompetitorA,71.32,6.2
20200421,57,67.16,CompetitorB,55.14,-17.9
20200421,57,67.16,CompetitorC,71.9,7.1
20200421,2,29.08,CompetitorA,23.31,-19.8
20200421,2,29.08,CompetitorB,27.65,-4.9
20200421,2,29.08,CompetitorC,25.22,-13.3
20210123,46,47.84,CompetitorA,42.52,-11.1
20210123,46,47.84,CompetitorB,42.27,-11.6
20210123,46,47.84,CompetitorC,52.64,10.0
20210123,153,81.33,CompetitorA,89.27,9.8
20210123,153,81.33,CompetitorB,70.59,-13.2
20210123,153,81.33,CompetitorC,75.61,-7.0
20210123,3,40.19,CompetitorA,45.59,13.4
20210123,3,40.19,CompetitorB,35.42,-11.9
20210123,3,40.19,CompetitorC,41.14,2.4
20210123,8,56.61,CompetitorA,60.87,7.5
20210123,8,56.61,CompetitorB,46.91,-17.1
20210123,8,56.61,CompetitorC,47.75,-15.7
20210123,83,57.47,CompetitorA,49.54,-13.8
20210123,83,57.47,CompetitorB,65.21,13.5
20210123,83,57.47,CompetitorC,49.71,-13.5
20210123,107,45.85,CompetitorA,47.68,4.0
20210123,107,45.85,CompetitorB,44.74,-2.4
20210123,107,45.85,CompetitorC,46.31,1.0
20210123,154,50.12,CompetitorA,42.92,-14.4
20210123,154,50.12,CompetitorB,42.26,-15.7
20210123,154,50.12,CompetitorC,55.5,10.7
20210123,2,29.08,CompetitorA,28.07,-3.5
20210123,2,29.08,CompetitorB,32.03,10.1
20210123,2,29.08,CompetitorC,32.41,11.5
20210123,110,67.39,CompetitorA,62.95,-6.6
20210123,110,67.39,CompetitorB,55.1,-18.2
20210123,110,67.39,CompetitorC,59.85,-11.2
20210123,57,67.16,CompetitorA,55.06,-18.0
20210123,57,67.16,CompetitorB,60.14,-10.5
20210123,57,67.16,CompetitorC,57.44,-14.5
20210123,111,55.68,CompetitorA,62.31,11.9
20210123,111,55.68,CompetitorB,63.01,13.2
20210123,111,55.68,CompetitorC,56.35,1.2
20210123,67,37.97,CompetitorA,43.3,14.0
20210123,67,37.97,CompetitorB,37.08,-2.3
20210123,67,37.97,CompetitorC,39.96,5.2
20210123,64,58.59,CompetitorA,66.61,13.7
20210123,64,58.59,CompetitorB,67.0,14.4
20210123,64,58.59,CompetitorC,61.81,5.5
20210123,155,41.49,CompetitorA,35.83,-13.6
20210123,155,41.49,CompetitorB,37.24,-10.2
20210123,155,41.49,CompetitorC,40.49,-2.4
20210123,1,53.14,CompetitorA,56.83,6.9
20210123,1,53.14,CompetitorB,50.56,-4.9
20210123,1,53.14,CompetitorC,49.79,-6.3
20210123,7,61.43,CompetitorA,56.98,-7.2
20210123,7,61.43,CompetitorB,53.61,-12.7
20210123,7,61.43,CompetitorC,67.46,9.8
20210123,148,32.44,CompetitorA,35.18,8.4
20210123,148,32.44,CompetitorB,33.28,2.6
20210123,148,32.44,CompetitorC,35.63,9.8
20210123,76,40.06,CompetitorA,44.72,11.6
20210123,76,40.06,CompetitorB,44.1,10.1
20210123,76,40.06,CompetitorC,36.68,-8.4
20210123,39,41.46,CompetitorA,34.6,-16.5
20210123,39,41.46,CompetitorB,38.91,-6.2
20210123,39,41.46,CompetitorC,36.03,-13.1
20210123,149,30.48,CompetitorA,33.01,8.3
20210123,149,30.48,CompetitorB,34.33,12.6
20210123,149,30.48,CompetitorC,25.94,-14.9
20201018,110,67.39,CompetitorA,61.01,-9.5
20201018,110,67.39,CompetitorB,57.01,-15.4
20201018,110,67.39,CompetitorC,68.79,2.1
20201018,57,67.16,CompetitorA,63.9,-4.9
20201018,57,67.16,CompetitorB,66.28,-1.3
20201018,57,67.16,CompetitorC,74.67,11.2
20201018,153,81.33,CompetitorA,88.64,9.0
20201018,153,81.33,CompetitorB,76.91,-5.4
20201018,153,81.33,CompetitorC,86.74,6.7
20201018,155,41.49,CompetitorA,45.93,10.7
20201018,155,41.49,CompetitorB,40.61,-2.1
20201018,155,41.49,CompetitorC,35.69,-14.0
20201018,76,40.06,CompetitorA,36.17,-9.7
20201018,76,40.06,CompetitorB,37.23,-7.1
20201018,76,40.06,CompetitorC,40.97,2.3
20201018,148,32.44,CompetitorA,32.22,-0.7
20201018,148,32.44,CompetitorB,30.55,-5.8
20201018,148,32.44,CompetitorC,34.85,7.4
20201018,39,41.46,CompetitorA,37.0,-10.8
20201018,39,41.46,CompetitorB,44.62,7.6
20201018,39,41.46,CompetitorC,41.92,1.1
20201018,67,37.97,CompetitorA,42.99,13.2
20201018,67,37.97,CompetitorB,35.01,-7.8
20201018,67,37.97,CompetitorC,41.68,9.8
20201018,52,37.7,CompetitorA,33.36,-11.5
20201018,52,37.7,CompetitorB,34.71,-7.9
20201018,52,37.7,CompetitorC,39.96,6.0
20201018,64,58.59,CompetitorA,66.42,13.4
20201018,64,58.59,CompetitorB,59.03,0.8
20201018,64,58.59,CompetitorC,57.48,-1.9
20201018,83,57.47,CompetitorA,62.09,8.0
20201018,83,57.47,CompetitorB,55.85,-2.8
20201018,83,57.47,CompetitorC,62.04,8.0
20201018,107,45.85,CompetitorA,51.94,13.3
20201018,107,45.85,CompetitorB,48.11,4.9
20201018,107,45.85,CompetitorC,41.6,-9.3
20201018,8,56.61,CompetitorA,62.65,10.7
20201018,8,56.61,CompetitorB,59.18,4.5
20201018,8,56.61,CompetitorC,64.03,13.1
20201018,149,30.48,CompetitorA,31.16,2.2
20201018,149,30.48,CompetitorB,28.08,-7.9
20201018,149,30.48,CompetitorC,29.64,-2.8
20201018,154,50.12,CompetitorA,52.18,4.1
20201018,154,50.12,CompetitorB,46.97,-6.3
20201018,154,50.12,CompetitorC,50.97,1.7
20201018,6,59.88,CompetitorA,55.85,-6.7
20201018,6,59.88,CompetitorB,50.06,-16.4
20201018,6,59.88,CompetitorC,51.36,-14.2
20201018,7,61.43,CompetitorA,69.75,13.5
20201018,7,61.43,CompetitorB,70.16,14.2
20201018,7,61.43,CompetitorC,67.41,9.7
20201018,111,55.68,CompetitorA,49.74,-10.7
20201018,111,55.68,CompetitorB,57.45,3.2
20201018,111,55.68,CompetitorC,53.21,-4.4
20201018,2,29.08,CompetitorA,29.64,1.9
20201018,2,29.08,CompetitorB,30.78,5.8
20201018,2,29.08,CompetitorC,28.04,-3.6
20201018,46,47.84,CompetitorA,41.58,-13.1
20201018,46,47.84,CompetitorB,54.52,14.0
20201018,46,47.84,CompetitorC,44.66,-6.6
20200115,3,40.19,CompetitorA,34.37,-14.5
20200115,3,40.19,CompetitorB,43.5,8.2
20200115,3,40.19,CompetitorC,32.6,-18.9
20200115,46,47.84,CompetitorA,54.79,14.5
20200115,46,47.84,CompetitorB,43.57,-8.9
20200115,46,47.84,CompetitorC,45.14,-5.6
20200115,76,40.06,CompetitorA,36.78,-8.2
20200115,76,40.06,CompetitorB,40.7,1.6
20200115,76,40.06,CompetitorC,33.22,-17.1
20200115,155,41.49,CompetitorA,38.92,-6.2
20200115,155,41.49,CompetitorB,39.59,-4.6
20200115,155,41.49,CompetitorC,38.06,-8.3
20200115,110,67.39,CompetitorA,62.59,-7.1
20200115,110,67.39,CompetitorB,61.13,-9.3
20200115,110,67.39,CompetitorC,67.26,-0.2
20200115,7,61.43,CompetitorA,64.38,4.8
20200115,7,61.43,CompetitorB,59.38,-3.3
20200115,7,61.43,CompetitorC,61.53,0.2
20200115,153,81.33,CompetitorA,80.63,-0.9
20200115,153,81.33,CompetitorB,66.1,-18.7
20200115,153,81.33,CompetitorC,65.19,-19.8
20200115,83,57.47,CompetitorA,66.05,14.9
20200115,83,57.47,CompetitorB,65.35,13.7
20200115,83,57.47,CompetitorC,52.99,-7.8
20200115,67,37.97,CompetitorA,41.91,10.4
20200115,67,37.97,CompetitorB,41.29,8.7
20200115,67,37.97,CompetitorC,33.02,-13.0
20200115,148,32.44,CompetitorA,30.08,-7.3
20200115,148,32.44,CompetitorB,35.49,9.4
20200115,148,32.44,CompetitorC,29.12,-10.2
20200115,8,56.61,CompetitorA,48.65,-14.1
20200115,8,56.61,CompetitorB,48.49,-14.3
20200115,8,56.61,CompetitorC,45.54,-19.6
20200115,39,41.46,CompetitorA,35.28,-14.9
20200115,39,41.46,CompetitorB,43.75,5.5
20200115,39,41.46,CompetitorC,47.05,13.5
20200115,111,55.68,CompetitorA,63.97,14.9
20200115,111,55.68,CompetitorB,60.1,7.9
20200115,111,55.68,CompetitorC,47.6,-14.5
20200115,52,37.7,CompetitorA,35.26,-6.5
20200115,52,37.7,CompetitorB,37.98,0.7
20200115,52,37.7,CompetitorC,37.4,-0.8
20200115,57,67.16,CompetitorA,65.77,-2.1
20200115,57,67.16,CompetitorB,73.77,9.8
20200115,57,67.16,CompetitorC,74.76,11.3
20200115,154,50.12,CompetitorA,40.64,-18.9
20200115,154,50.12,CompetitorB,41.21,-17.8
20200115,154,50.12,CompetitorC,46.68,-6.9
20200115,149,30.48,CompetitorA,30.87,1.3
20200115,149,30.48,CompetitorB,34.86,14.4
20200115,149,30.48,CompetitorC,28.24,-7.3
20200115,6,59.88,CompetitorA,66.14,10.5
20200115,6,59.88,CompetitorB,68.27,14.0
20200115,6,59.88,CompetitorC,50.32,-16.0
20200115,107,45.85,CompetitorA,48.86,6.6
20200115,107,45.85,CompetitorB,44.09,-3.8
20200115,107,45.85,CompetitorC,39.74,-13.3
20200115,1,53.14,CompetitorA,50.59,-4.8
20200115,1,53.14,CompetitorB,55.15,3.8
20200115,1,53.14,CompetitorC,56.33,6.0
20190914,110,67.39,CompetitorA,74.66,10.8
20190914,110,67.39,CompetitorB,62.63,-7.1
20190914,110,67.39,CompetitorC,72.37,7.4
20190914,67,37.97,CompetitorA,33.04,-13.0
20190914,67,37.97,CompetitorB,33.2,-12.6
20190914,67,37.97,CompetitorC,41.5,9.3
20190914,8,56.61,CompetitorA,52.3,-7.6
20190914,8,56.61,CompetitorB,64.08,13.2
20190914,8,56.61,CompetitorC,58.68,3.7
20190914,1,53.14,CompetitorA,55.48,4.4
20190914,1,53.14,CompetitorB,44.46,-16.3
20190914,1,53.14,CompetitorC,47.82,-10.0
20190914,7,61.43,CompetitorA,62.41,1.6
20190914,7,61.43,CompetitorB,53.19,-13.4
20190914,7,61.43,CompetitorC,67.13,9.3
20190914,64,58.59,CompetitorA,60.1,2.6
20190914,64,58.59,CompetitorB,55.0,-6.1
20190914,64,58.59,CompetitorC,67.11,14.5
20190914,155,41.49,CompetitorA,39.96,-3.7
20190914,155,41.49,CompetitorB,45.84,10.5
20190914,155,41.49,CompetitorC,33.24,-19.9
20190914,83,57.47,CompetitorA,63.74,10.9
20190914,83,57.47,CompetitorB,63.8,11.0
20190914,83,57.47,CompetitorC,50.01,-13.0
20190914,76,40.06,CompetitorA,43.01,7.4
20190914,76,40.06,CompetitorB,43.44,8.4
20190914,76,40.06,CompetitorC,34.64,-13.5
20190914,2,29.08,CompetitorA,32.26,10.9
20190914,2,29.08,CompetitorB,23.72,-18.4
20190914,2,29.08,CompetitorC,32.75,12.6
20190914,6,59.88,CompetitorA,54.89,-8.3
20190914,6,59.88,CompetitorB,55.33,-7.6
20190914,6,59.88,CompetitorC,54.05,-9.7
20190914,148,32.44,CompetitorA,29.85,-8.0
20190914,148,32.44,CompetitorB,29.58,-8.8
20190914,148,32.44,CompetitorC,28.19,-13.1
20190914,153,81.33,CompetitorA,75.56,-7.1
20190914,153,81.33,CompetitorB,82.28,1.2
20190914,153,81.33,CompetitorC,67.06,-17.5
20190914,57,67.16,CompetitorA,69.92,4.1
20190914,57,67.16,CompetitorB,54.68,-18.6
20190914,57,67.16,CompetitorC,62.51,-6.9
20190914,111,55.68,CompetitorA,54.21,-2.6
20190914,111,55.68,CompetitorB,55.45,-0.4
20190914,111,55.68,CompetitorC,47.12,-15.4
20190914,107,45.85,CompetitorA,38.01,-17.1
20190914,107,45.85,CompetitorB,48.71,6.2
20190914,107,45.85,CompetitorC,39.5,-13.8
20190914,154,50.12,CompetitorA,54.45,8.6
20190914,154,50.12,CompetitorB,52.02,3.8
20190914,154,50.12,CompetitorC,51.24,2.2
20190914,46,47.84,CompetitorA,54.36,13.6
20190914,46,47.84,CompetitorB,41.03,-14.2
20190914,46,47.84,CompetitorC,52.19,9.1
20190914,39,41.46,CompetitorA,43.61,5.2
20190914,39,41.46,CompetitorB,44.44,7.2
20190914,39,41.46,CompetitorC,35.97,-13.2
20190914,3,40.19,CompetitorA,33.19,-17.4
20190914,3,40.19,CompetitorB,36.44,-9.3
20190914,3,40.19,CompetitorC,34.77,-13.5
20200902,154,50.12,CompetitorA,57.34,14.4
20200902,154,50.12,CompetitorB,43.82,-12.6
20200902,154,50.12,CompetitorC,41.78,-16.6
20200902,149,30.48,CompetitorA,27.0,-11.4
20200902,149,30.48,CompetitorB,27.91,-8.4
20200902,149,30.48,CompetitorC,28.25,-7.3
20200902,148,32.44,CompetitorA,29.87,-7.9
20200902,148,32.44,CompetitorB,32.53,0.3
20200902,148,32.44,CompetitorC,30.16,-7.0
20200902,111,55.68,CompetitorA,47.82,-14.1
20200902,111,55.68,CompetitorB,44.93,-19.3
20200902,111,55.68,CompetitorC,63.66,14.3
20200902,3,40.19,CompetitorA,35.96,-10.5
20200902,3,40.19,CompetitorB,41.27,2.7
20200902,3,40.19,CompetitorC,35.56,-11.5
20200902,52,37.7,CompetitorA,42.19,11.9
20200902,52,37.7,CompetitorB,36.72,-2.6
20200902,52,37.7,CompetitorC,37.53,-0.5
20200902,110,67.39,CompetitorA,74.05,9.9
20200902,110,67.39,CompetitorB,57.06,-15.3
20200902,110,67.39,CompetitorC,75.22,11.6
20200902,7,61.43,CompetitorA,52.62,-14.3
20200902,7,61.43,CompetitorB,51.98,-15.4
20200902,7,61.43,CompetitorC,69.98,13.9
20200902,57,67.16,CompetitorA,61.22,-8.8
20200902,57,67.16,CompetitorB,62.52,-6.9
20200902,57,67.16,CompetitorC,57.59,-14.2
20200902,8,56.61,CompetitorA,63.44,12.1
20200902,8,56.61,CompetitorB,62.26,10.0
20200902,8,56.61,CompetitorC,55.23,-2.4
20200902,6,59.88,CompetitorA,68.4,14.2
20200902,6,59.88,CompetitorB,55.24,-7.7
20200902,6,59.88,CompetitorC,63.87,6.7
20200902,46,47.84,CompetitorA,46.62,-2.6
20200902,46,47.84,CompetitorB,40.89,-14.5
20200902,46,47.84,CompetitorC,54.4,13.7
20200902,107,45.85,CompetitorA,48.06,4.8
20200902,107,45.85,CompetitorB,39.97,-12.8
20200902,107,45.85,CompetitorC,43.3,-5.6
20200902,76,40.06,CompetitorA,33.75,-15.8
20200902,76,40.06,CompetitorB,43.84,9.4
20200902,76,40.06,CompetitorC,38.29,-4.4
20200902,2,29.08,CompetitorA,23.3,-19.9
20200902,2,29.08,CompetitorB,26.6,-8.5
20200902,2,29.08,CompetitorC,28.16,-3.2
20200902,153,81.33,CompetitorA,89.79,10.4
20200902,153,81.33,CompetitorB,84.2,3.5
20200902,153,81.33,CompetitorC,86.32,6.1
20200902,64,58.59,CompetitorA,50.24,-14.3
20200902,64,58.59,CompetitorB,46.96,-19.8
20200902,64,58.59,CompetitorC,58.21,-0.6
20200902,67,37.97,CompetitorA,36.22,-4.6
20200902,67,37.97,CompetitorB,40.6,6.9
20200902,67,37.97,CompetitorC,38.05,0.2
20200902,1,53.14,CompetitorA,42.8,-19.5
20200902,1,53.14,CompetitorB,44.78,-15.7
20200902,1,53.14,CompetitorC,43.91,-17.4
20200902,39,41.46,CompetitorA,36.78,-11.3
20200902,39,41.46,CompetitorB,42.9,3.5
20200902,39,41.46,CompetitorC,35.28,-14.9
20210502,67,37.97,CompetitorA,38.35,1.0
20210502,67,37.97,CompetitorB,40.22,5.9
20210502,67,37.97,CompetitorC,34.13,-10.1
20210502,154,50.12,CompetitorA,56.86,13.4
20210502,154,50.12,CompetitorB,42.57,-15.1
20210502,154,50.12,CompetitorC,44.64,-10.9
20210502,57,67.16,CompetitorA,60.06,-10.6
20210502,57,67.16,CompetitorB,54.28,-19.2
20210502,57,67.16,CompetitorC,66.32,-1.3
20210502,1,53.14,CompetitorA,50.75,-4.5
20210502,1,53.14,CompetitorB,60.65,14.1
20210502,1,53.14,CompetitorC,51.33,-3.4
20210502,148,32.44,CompetitorA,33.86,4.4
20210502,148,32.44,CompetitorB,35.82,10.4
20210502,148,32.44,CompetitorC,36.88,13.7
20210502,76,40.06,CompetitorA,33.37,-16.7
20210502,76,40.06,CompetitorB,39.79,-0.7
20210502,76,40.06,CompetitorC,38.95,-2.8
20210502,3,40.19,CompetitorA,38.99,-3.0
20210502,3,40.19,CompetitorB,43.53,8.3
20210502,3,40.19,CompetitorC,41.81,4.0
20210502,52,37.7,CompetitorA,42.22,12.0
20210502,52,37.7,CompetitorB,42.21,12.0
20210502,52,37.7,CompetitorC,40.22,6.7
20210502,2,29.08,CompetitorA,31.98,10.0
20210502,2,29.08,CompetitorB,27.38,-5.8
20210502,2,29.08,CompetitorC,26.26,-9.7
20210502,6,59.88,CompetitorA,63.04,5.3
20210502,6,59.88,CompetitorB,48.94,-18.3
20210502,6,59.88,CompetitorC,68.72,14.8
20210502,83,57.47,CompetitorA,48.91,-14.9
20210502,83,57.47,CompetitorB,57.28,-0.3
20210502,83,57.47,CompetitorC,46.83,-18.5
20210502,107,45.85,CompetitorA,44.28,-3.4
20210502,107,45.85,CompetitorB,48.59,6.0
20210502,107,45.85,CompetitorC,50.77,10.7
20210502,155,41.49,CompetitorA,40.93,-1.3
20210502,155,41.49,CompetitorB,41.26,-0.6
20210502,155,41.49,CompetitorC,42.7,2.9
20210502,46,47.84,CompetitorA,46.98,-1.8
20210502,46,47.84,CompetitorB,41.07,-14.2
20210502,46,47.84,CompetitorC,41.44,-13.4
20210502,153,81.33,CompetitorA,66.72,-18.0
20210502,153,81.33,CompetitorB,88.51,8.8
20210502,153,81.33,CompetitorC,83.51,2.7
20210502,8,56.61,CompetitorA,45.81,-19.1
20210502,8,56.61,CompetitorB,60.77,7.3
20210502,8,56.61,CompetitorC,51.36,-9.3
20210502,39,41.46,CompetitorA,38.37,-7.5
20210502,39,41.46,CompetitorB,36.36,-12.3
20210502,39,41.46,CompetitorC,40.72,-1.8
20210502,7,61.43,CompetitorA,56.43,-8.1
20210502,7,61.43,CompetitorB,63.52,3.4
20210502,7,61.43,CompetitorC,51.52,-16.1
20210502,149,30.48,CompetitorA,27.78,-8.9
20210502,149,30.48,CompetitorB,34.77,14.1
20210502,149,30.48,CompetitorC,26.5,-13.1
20210502,111,55.68,CompetitorA,62.32,11.9
20210502,111,55.68,CompetitorB,45.82,-17.7
20210502,111,55.68,CompetitorC,46.62,-16.3
20190403,8,56.61,CompetitorA,61.67,8.9
20190403,8,56.61,CompetitorB,60.89,7.6
20190403,8,56.61,CompetitorC,63.22,11.7
20190403,52,37.7,CompetitorA,41.95,11.3
20190403,52,37.7,CompetitorB,32.66,-13.4
20190403,52,37.7,CompetitorC,34.75,-7.8
20190403,148,32.44,CompetitorA,32.23,-0.6
20190403,148,32.44,CompetitorB,25.99,-19.9
20190403,148,32.44,CompetitorC,28.41,-12.4
20190403,1,53.14,CompetitorA,44.58,-16.1
20190403,1,53.14,CompetitorB,50.19,-5.6
20190403,1,53.14,CompetitorC,46.47,-12.6
20190403,46,47.84,CompetitorA,42.01,-12.2
20190403,46,47.84,CompetitorB,49.81,4.1
20190403,46,47.84,CompetitorC,39.31,-17.8
20190403,107,45.85,CompetitorA,43.52,-5.1
20190403,107,45.85,CompetitorB,40.79,-11.0
20190403,107,45.85,CompetitorC,38.3,-16.5
20190403,83,57.47,CompetitorA,65.57,14.1
20190403,83,57.47,CompetitorB,53.74,-6.5
20190403,83,57.47,CompetitorC,49.29,-14.2
20190403,3,40.19,CompetitorA,39.43,-1.9
20190403,3,40.19,CompetitorB,43.2,7.5
20190403,3,40.19,CompetitorC,40.4,0.5
20190403,57,67.16,CompetitorA,71.92,7.1
20190403,57,67.16,CompetitorB,65.13,-3.0
20190403,57,67.16,CompetitorC,55.83,-16.9
20190403,155,41.49,CompetitorA,46.39,11.8
20190403,155,41.49,CompetitorB,35.12,-15.4
20190403,155,41.49,CompetitorC,40.9,-1.4
20190403,7,61.43,CompetitorA,60.17,-2.1
20190403,7,61.43,CompetitorB,60.67,-1.2
20190403,7,61.43,CompetitorC,53.65,-12.7
20190403,153,81.33,CompetitorA,92.51,13.7
20190403,153,81.33,CompetitorB,86.56,6.4
20190403,153,81.33,CompetitorC,83.83,3.1
20190403,2,29.08,CompetitorA,33.15,14.0
20190403,2,29.08,CompetitorB,32.05,10.2
20190403,2,29.08,CompetitorC,28.5,-2.0
20190403,110,67.39,CompetitorA,69.82,3.6
20190403,110,67.39,CompetitorB,70.8,5.1
20190403,110,67.39,CompetitorC,72.45,7.5
20190403,67,37.97,CompetitorA,32.51,-14.4
20190403,67,37.97,CompetitorB,41.98,10.6
20190403,67,37.97,CompetitorC,39.36,3.7
20190403,64,58.59,CompetitorA,53.95,-7.9
20190403,64,58.59,CompetitorB,56.96,-2.8
20190403,64,58.59,CompetitorC,49.36,-15.8
20190403,111,55.68,CompetitorA,53.85,-3.3
20190403,111,55.68,CompetitorB,58.66,5.4
20190403,111,55.68,CompetitorC,55.12,-1.0
20190403,76,40.06,CompetitorA,43.88,9.5
20190403,76,40.06,CompetitorB,45.51,13.6
20190403,76,40.06,CompetitorC,39.53,-1.3
20190403,154,50.12,CompetitorA,57.45,14.6
20190403,154,50.12,CompetitorB,55.45,10.6
20190403,154,50.12,CompetitorC,54.5,8.7
20190403,149,30.48,CompetitorA,30.02,-1.5
20190403,149,30.48,CompetitorB,29.03,-4.8
20190403,149,30.48,CompetitorC,31.95,4.8
20210120,83,57.47,CompetitorA,52.45,-8.7
20210120,83,57.47,CompetitorB,49.61,-13.7
20210120,83,57.47,CompetitorC,52.32,-9.0
20210120,154,50.12,CompetitorA,40.98,-18.2
20210120,154,50.12,CompetitorB,57.05,13.8
20210120,154,50.12,CompetitorC,50.29,0.3
20210120,52,37.7,CompetitorA,41.43,9.9
20210120,52,37.7,CompetitorB,42.84,13.6
20210120,52,37.7,CompetitorC,38.27,1.5
20210120,39,41.46,CompetitorA,45.18,9.0
20210120,39,41.46,CompetitorB,35.25,-15.0
20210120,39,41.46,CompetitorC,43.45,4.8
20210120,107,45.85,CompetitorA,44.5,-2.9
20210120,107,45.85,CompetitorB,40.38,-11.9
20210120,107,45.85,CompetitorC,46.03,0.4
20210120,2,29.08,CompetitorA,24.17,-16.9
20210120,2,29.08,CompetitorB,31.09,6.9
20210120,2,29.08,CompetitorC,33.32,14.6
20210120,110,67.39,CompetitorA,69.04,2.4
20210120,110,67.39,CompetitorB,70.65,4.8
20210120,110,67.39,CompetitorC,76.78,13.9
20210120,46,47.84,CompetitorA,50.78,6.1
20210120,46,47.84,CompetitorB,48.06,0.5
20210120,46,47.84,CompetitorC,45.3,-5.3
20210120,76,40.06,CompetitorA,34.7,-13.4
20210120,76,40.06,CompetitorB,41.55,3.7
20210120,76,40.06,CompetitorC,36.16,-9.7
20210120,57,67.16,CompetitorA,74.93,11.6
20210120,57,67.16,CompetitorB,67.08,-0.1
20210120,57,67.16,CompetitorC,63.11,-6.0
20210120,64,58.59,CompetitorA,55.45,-5.4
20210120,64,58.59,CompetitorB,63.77,8.8
20210120,64,58.59,CompetitorC,54.11,-7.6
20210120,7,61.43,CompetitorA,54.81,-10.8
20210120,7,61.43,CompetitorB,60.03,-2.3
20210120,7,61.43,CompetitorC,62.84,2.3
20210120,153,81.33,CompetitorA,83.91,3.2
20210120,153,81.33,CompetitorB,77.46,-4.8
20210120,153,81.33,CompetitorC,70.33,-13.5
20210120,8,56.61,CompetitorA,57.28,1.2
20210120,8,56.61,CompetitorB,47.13,-16.7
20210120,8,56.61,CompetitorC,64.81,14.5
20210120,3,40.19,CompetitorA,45.25,12.6
20210120,3,40.19,CompetitorB,32.17,-20.0
20210120,3,40.19,CompetitorC,39.22,-2.4
20210120,155,41.49,CompetitorA,44.35,6.9
20210120,155,41.49,CompetitorB,43.76,5.5
20210120,155,41.49,CompetitorC,42.93,3.5
20210120,6,59.88,CompetitorA,53.72,-10.3
20210120,6,59.88,CompetitorB,53.73,-10.3
20210120,6,59.88,CompetitorC,64.43,7.6
20210120,1,53.14,CompetitorA,57.62,8.4
20210120,1,53.14,CompetitorB,43.15,-18.8
20210120,1,53.14,CompetitorC,52.64,-0.9
20210120,149,30.48,CompetitorA,30.33,-0.5
20210120,149,30.48,CompetitorB,25.49,-16.4
20210120,149,30.48,CompetitorC,26.37,-13.5
20210120,148,32.44,CompetitorA,29.84,-8.0
20210120,148,32.44,CompetitorB,33.8,4.2
20210120,148,32.44,CompetitorC,27.86,-14.1
20190605,8,56.61,CompetitorA,52.22,-7.8
20190605,8,56.61,CompetitorB,65.02,14.9
20190605,8,56.61,CompetitorC,60.64,7.1
20190605,7,61.43,CompetitorA,54.68,-11.0
20190605,7,61.43,CompetitorB,50.58,-17.7
20190605,7,61.43,CompetitorC,65.76,7.0
20190605,67,37.97,CompetitorA,38.08,0.3
20190605,67,37.97,CompetitorB,40.43,6.5
20190605,67,37.97,CompetitorC,33.09,-12.9
20190605,2,29.08,CompetitorA,23.6,-18.8
20190605,2,29.08,CompetitorB,29.44,1.2
20190605,2,29.08,CompetitorC,28.22,-3.0
20190605,57,67.16,CompetitorA,66.69,-0.7
20190605,57,67.16,CompetitorB,61.25,-8.8
20190605,57,67.16,CompetitorC,67.77,0.9
20190605,52,37.7,CompetitorA,42.52,12.8
20190605,52,37.7,CompetitorB,34.19,-9.3
20190605,52,37.7,CompetitorC,33.95,-9.9
20190605,107,45.85,CompetitorA,46.0,0.3
20190605,107,45.85,CompetitorB,47.43,3.4
20190605,107,45.85,CompetitorC,42.99,-6.2
20190605,3,40.19,CompetitorA,36.51,-9.2
20190605,3,40.19,CompetitorB,40.1,-0.2
20190605,3,40.19,CompetitorC,45.17,12.4
20190605,154,50.12,CompetitorA,45.06,-10.1
20190605,154,50.12,CompetitorB,55.86,11.5
20190605,154,50.12,CompetitorC,40.1,-20.0
20190605,46,47.84,CompetitorA,46.48,-2.8
20190605,46,47.84,CompetitorB,40.25,-15.9
20190605,46,47.84,CompetitorC,39.91,-16.6
20190605,155,41.49,CompetitorA,43.04,3.7
20190605,155,41.49,CompetitorB,44.09,6.3
20190605,155,41.49,CompetitorC,43.58,5.0
20190605,6,59.88,CompetitorA,48.67,-18.7
20190605,6,59.88,CompetitorB,59.58,-0.5
20190605,6,59.88,CompetitorC,55.87,-6.7
20190605,1,53.14,CompetitorA,46.29,-12.9
20190605,1,53.14,CompetitorB,48.22,-9.3
20190605,1,53.14,CompetitorC,45.55,-14.3
20190605,153,81.33,CompetitorA,82.92,2.0
20190605,153,81.33,CompetitorB,78.53,-3.4
20190605,153,81.33,CompetitorC,75.76,-6.8
20190605,76,40.06,CompetitorA,35.69,-10.9
20190605,76,40.06,CompetitorB,40.51,1.1
20190605,76,40.06,CompetitorC,37.68,-5.9
20190605,148,32.44,CompetitorA,34.45,6.2
20190605,148,32.44,CompetitorB,31.53,-2.8
20190605,148,32.44,CompetitorC,36.98,14.0
20190605,149,30.48,CompetitorA,26.73,-12.3
20190605,149,30.48,CompetitorB,27.27,-10.5
20190605,149,30.48,CompetitorC,34.66,13.7
20190605,83,57.47,CompetitorA,52.04,-9.4
20190605,83,57.47,CompetitorB,47.36,-17.6
20190605,83,57.47,CompetitorC,54.68,-4.9
20190605,111,55.68,CompetitorA,61.43,10.3
20190605,111,55.68,CompetitorB,55.68,0.0
20190605,111,55.68,CompetitorC,45.66,-18.0
20190605,39,41.46,CompetitorA,37.21,-10.3
20190605,39,41.46,CompetitorB,42.11,1.6
20190605,39,41.46,CompetitorC,36.61,-11.7
20210403,76,40.06,CompetitorA,34.86,-13.0
20210403,76,40.06,CompetitorB,44.69,11.6
20210403,76,40.06,CompetitorC,36.99,-7.7
20210403,83,57.47,CompetitorA,56.09,-2.4
20210403,83,57.47,CompetitorB,50.4,-12.3
20210403,83,57.47,CompetitorC,49.98,-13.0
20210403,39,41.46,CompetitorA,43.69,5.4
20210403,39,41.46,CompetitorB,37.31,-10.0
20210403,39,41.46,CompetitorC,35.13,-15.3
20210403,52,37.7,CompetitorA,41.78,10.8
20210403,52,37.7,CompetitorB,43.12,14.4
20210403,52,37.7,CompetitorC,34.96,-7.3
20210403,3,40.19,CompetitorA,35.0,-12.9
20210403,3,40.19,CompetitorB,32.17,-20.0
20210403,3,40.19,CompetitorC,38.18,-5.0
20210403,6,59.88,CompetitorA,66.45,11.0
20210403,6,59.88,CompetitorB,56.6,-5.5
20210403,6,59.88,CompetitorC,61.11,2.1
20210403,107,45.85,CompetitorA,50.31,9.7
20210403,107,45.85,CompetitorB,45.48,-0.8
20210403,107,45.85,CompetitorC,46.76,2.0
20210403,154,50.12,CompetitorA,54.17,8.1
20210403,154,50.12,CompetitorB,55.83,11.4
20210403,154,50.12,CompetitorC,56.91,13.5
20210403,64,58.59,CompetitorA,49.96,-14.7
20210403,64,58.59,CompetitorB,64.49,10.1
20210403,64,58.59,CompetitorC,61.09,4.3
20210403,149,30.48,CompetitorA,24.54,-19.5
20210403,149,30.48,CompetitorB,34.86,14.4
20210403,149,30.48,CompetitorC,27.64,-9.3
20210403,153,81.33,CompetitorA,73.13,-10.1
20210403,153,81.33,CompetitorB,89.66,10.2
20210403,153,81.33,CompetitorC,90.84,11.7
20210403,2,29.08,CompetitorA,28.65,-1.5
20210403,2,29.08,CompetitorB,26.68,-8.3
20210403,2,29.08,CompetitorC,23.28,-19.9
20210403,7,61.43,CompetitorA,57.7,-6.1
20210403,7,61.43,CompetitorB,65.84,7.2
20210403,7,61.43,CompetitorC,67.71,10.2
20210403,67,37.97,CompetitorA,42.41,11.7
20210403,67,37.97,CompetitorB,37.7,-0.7
20210403,67,37.97,CompetitorC,34.42,-9.3
20210403,148,32.44,CompetitorA,31.29,-3.5
20210403,148,32.44,CompetitorB,32.56,0.4
20210403,148,32.44,CompetitorC,33.49,3.2
20210403,111,55.68,CompetitorA,47.01,-15.6
20210403,111,55.68,CompetitorB,48.26,-13.3
20210403,111,55.68,CompetitorC,46.7,-16.1
20210403,57,67.16,CompetitorA,73.71,9.8
20210403,57,67.16,CompetitorB,61.17,-8.9
20210403,57,67.16,CompetitorC,73.61,9.6
20210403,8,56.61,CompetitorA,59.03,4.3
20210403,8,56.61,CompetitorB,60.29,6.5
20210403,8,56.61,CompetitorC,56.46,-0.3
20210403,155,41.49,CompetitorA,42.3,2.0
20210403,155,41.49,CompetitorB,38.52,-7.2
20210403,155,41.49,CompetitorC,42.72,3.0
20210403,46,47.84,CompetitorA,50.97,6.5
20210403,46,47.84,CompetitorB,46.52,-2.8
20210403,46,47.84,CompetitorC,49.21,2.9
20210224,67,37.97,CompetitorA,36.62,-3.6
20210224,67,37.97,CompetitorB,34.35,-9.5
20210224,67,37.97,CompetitorC,32.41,-14.6
20210224,46,47.84,CompetitorA,54.9,14.8
20210224,46,47.84,CompetitorB,38.66,-19.2
20210224,46,47.84,CompetitorC,39.17,-18.1
20210224,153,81.33,CompetitorA,87.66,7.8
20210224,153,81.33,CompetitorB,80.46,-1.1
20210224,153,81.33,CompetitorC,66.25,-18.5
20210224,6,59.88,CompetitorA,68.49,14.4
20210224,6,59.88,CompetitorB,55.03,-8.1
20210224,6,59.88,CompetitorC,61.4,2.5
20210224,52,37.7,CompetitorA,37.8,0.3
20210224,52,37.7,CompetitorB,42.8,13.5
20210224,52,37.7,CompetitorC,30.88,-18.1
20210224,110,67.39,CompetitorA,69.84,3.6
20210224,110,67.39,CompetitorB,54.36,-19.3
20210224,110,67.39,CompetitorC,64.64,-4.1
20210224,76,40.06,CompetitorA,41.64,3.9
20210224,76,40.06,CompetitorB,40.74,1.7
20210224,76,40.06,CompetitorC,45.85,14.5
20210224,149,30.48,CompetitorA,30.32,-0.5
20210224,149,30.48,CompetitorB,34.53,13.3
20210224,149,30.48,CompetitorC,26.77,-12.2
20210224,1,53.14,CompetitorA,51.39,-3.3
20210224,1,53.14,CompetitorB,49.55,-6.8
20210224,1,53.14,CompetitorC,42.7,-19.6
20210224,3,40.19,CompetitorA,34.46,-14.3
20210224,3,40.19,CompetitorB,45.83,14.0
20210224,3,40.19,CompetitorC,37.87,-5.8
20210224,2,29.08,CompetitorA,32.08,10.3
20210224,2,29.08,CompetitorB,31.75,9.2
20210224,2,29.08,CompetitorC,29.03,-0.2
20210224,154,50.12,CompetitorA,54.25,8.2
20210224,154,50.12,CompetitorB,40.31,-19.6
20210224,154,50.12,CompetitorC,48.47,-3.3
20210224,155,41.49,CompetitorA,33.42,-19.5
20210224,155,41.49,CompetitorB,40.53,-2.3
20210224,155,41.49,CompetitorC,44.42,7.1
20210224,57,67.16,CompetitorA,69.35,3.3
20210224,57,67.16,CompetitorB,56.48,-15.9
20210224,57,67.16,CompetitorC,70.24,4.6
20210224,64,58.59,CompetitorA,66.21,13.0
20210224,64,58.59,CompetitorB,56.97,-2.8
20210224,64,58.59,CompetitorC,66.2,13.0
20210224,148,32.44,CompetitorA,35.67,10.0
20210224,148,32.44,CompetitorB,31.93,-1.6
20210224,148,32.44,CompetitorC,27.84,-14.2
20210224,83,57.47,CompetitorA,50.03,-12.9
20210224,83,57.47,CompetitorB,49.14,-14.5
20210224,83,57.47,CompetitorC,63.43,10.4
20210224,7,61.43,CompetitorA,63.44,3.3
20210224,7,61.43,CompetitorB,49.53,-19.4
20210224,7,61.43,CompetitorC,61.17,-0.4
20210224,39,41.46,CompetitorA,42.06,1.4
20210224,39,41.46,CompetitorB,44.7,7.8
20210224,39,41.46,CompetitorC,36.68,-11.5
20210224,107,45.85,CompetitorA,41.0,-10.6
20210224,107,45.85,CompetitorB,38.4,-16.2
20210224,107,45.85,CompetitorC,52.23,13.9
20190607,57,67.16,CompetitorA,64.87,-3.4
20190607,57,67.16,CompetitorB,58.18,-13.4
20190607,57,67.16,CompetitorC,64.77,-3.6
20190607,153,81.33,CompetitorA,91.91,13.0
20190607,153,81.33,CompetitorB,76.39,-6.1
20190607,153,81.33,CompetitorC,91.56,12.6
20190607,39,41.46,CompetitorA,37.79,-8.9
20190607,39,41.46,CompetitorB,43.83,5.7
20190607,39,41.46,CompetitorC,36.7,-11.5
20190607,149,30.48,CompetitorA,33.17,8.8
20190607,149,30.48,CompetitorB,31.57,3.6
20190607,149,30.48,CompetitorC,26.14,-14.2
20190607,111,55.68,CompetitorA,51.49,-7.5
20190607,111,55.68,CompetitorB,48.04,-13.7
20190607,111,55.68,CompetitorC,49.41,-11.3
20190607,3,40.19,CompetitorA,41.95,4.4
20190607,3,40.19,CompetitorB,34.94,-13.1
20190607,3,40.19,CompetitorC,38.02,-5.4
20190607,8,56.61,CompetitorA,61.1,7.9
20190607,8,56.61,CompetitorB,54.59,-3.6
20190607,8,56.61,CompetitorC,52.33,-7.6
20190607,110,67.39,CompetitorA,74.81,11.0
20190607,110,67.39,CompetitorB,73.86,9.6
20190607,110,67.39,CompetitorC,59.67,-11.5
20190607,155,41.49,CompetitorA,33.46,-19.4
20190607,155,41.49,CompetitorB,37.33,-10.0
20190607,155,41.49,CompetitorC,42.22,1.8
20190607,2,29.08,CompetitorA,27.24,-6.3
20190607,2,29.08,CompetitorB,28.95,-0.4
20190607,2,29.08,CompetitorC,29.07,-0.0
20190607,76,40.06,CompetitorA,43.44,8.4
20190607,76,40.06,CompetitorB,35.31,-11.9
20190607,76,40.06,CompetitorC,35.9,-10.4
20190607,1,53.14,CompetitorA,45.55,-14.3
20190607,1,53.14,CompetitorB,59.16,11.3
20190607,1,53.14,CompetitorC,57.99,9.1
20190607,83,57.47,CompetitorA,50.71,-11.8
20190607,83,57.47,CompetitorB,62.1,8.1
20190607,83,57.47,CompetitorC,52.1,-9.3
20190607,107,45.85,CompetitorA,36.72,-19.9
20190607,107,45.85,CompetitorB,48.5,5.8
20190607,107,45.85,CompetitorC,41.96,-8.5
20190607,64,58.59,CompetitorA,48.21,-17.7
20190607,64,58.59,CompetitorB,58.22,-0.6
20190607,64,58.59,CompetitorC,63.54,8.4
20190607,46,47.84,CompetitorA,45.22,-5.5
20190607,46,47.84,CompetitorB,40.93,-14.4
20190607,46,47.84,CompetitorC,38.49,-19.5
20190607,6,59.88,CompetitorA,66.08,10.4
20190607,6,59.88,CompetitorB,60.21,0.6
20190607,6,59.88,CompetitorC,49.76,-16.9
20190607,154,50.12,CompetitorA,43.16,-13.9
20190607,154,50.12,CompetitorB,47.1,-6.0
20190607,154,50.12,CompetitorC,42.65,-14.9
20190607,67,37.97,CompetitorA,33.61,-11.5
20190607,67,37.97,CompetitorB,30.51,-19.6
20190607,67,37.97,CompetitorC,32.23,-15.1
20190607,148,32.44,CompetitorA,31.77,-2.1
20190607,148,32.44,CompetitorB,31.01,-4.4
20190607,148,32.44,CompetitorC,28.69,-11.6
20201108,148,32.44,CompetitorA,32.24,-0.6
20201108,148,32.44,CompetitorB,27.2,-16.2
20201108,148,32.44,CompetitorC,31.89,-1.7
20201108,39,41.46,CompetitorA,45.04,8.6
20201108,39,41.46,CompetitorB,38.2,-7.9
20201108,39,41.46,CompetitorC,35.52,-14.3
20201108,8,56.61,CompetitorA,55.94,-1.2
20201108,8,56.61,CompetitorB,53.97,-4.7
20201108,8,56.61,CompetitorC,61.63,8.9
20201108,57,67.16,CompetitorA,71.6,6.6
20201108,57,67.16,CompetitorB,70.4,4.8
20201108,57,67.16,CompetitorC,71.04,5.8
20201108,52,37.7,CompetitorA,40.44,7.3
20201108,52,37.7,CompetitorB,30.66,-18.7
20201108,52,37.7,CompetitorC,37.12,-1.5
20201108,155,41.49,CompetitorA,43.28,4.3
20201108,155,41.49,CompetitorB,40.97,-1.3
20201108,155,41.49,CompetitorC,42.48,2.4
20201108,67,37.97,CompetitorA,31.66,-16.6
20201108,67,37.97,CompetitorB,43.0,13.2
20201108,67,37.97,CompetitorC,38.5,1.4
20201108,76,40.06,CompetitorA,45.0,12.3
20201108,76,40.06,CompetitorB,36.56,-8.7
20201108,76,40.06,CompetitorC,43.78,9.3
20201108,64,58.59,CompetitorA,63.68,8.7
20201108,64,58.59,CompetitorB,63.17,7.8
20201108,64,58.59,CompetitorC,63.98,9.2
20201108,3,40.19,CompetitorA,42.54,5.8
20201108,3,40.19,CompetitorB,36.61,-8.9
20201108,3,40.19,CompetitorC,45.88,14.2
20201108,2,29.08,CompetitorA,26.91,-7.5
20201108,2,29.08,CompetitorB,25.38,-12.7
20201108,2,29.08,CompetitorC,27.22,-6.4
20201108,6,59.88,CompetitorA,68.65,14.6
20201108,6,59.88,CompetitorB,60.63,1.3
20201108,6,59.88,CompetitorC,56.95,-4.9
20201108,110,67.39,CompetitorA,58.91,-12.6
20201108,110,67.39,CompetitorB,57.91,-14.1
20201108,110,67.39,CompetitorC,54.76,-18.7
20201108,7,61.43,CompetitorA,66.29,7.9
20201108,7,61.43,CompetitorB,60.02,-2.3
20201108,7,61.43,CompetitorC,60.69,-1.2
20201108,46,47.84,CompetitorA,49.09,2.6
20201108,46,47.84,CompetitorB,45.04,-5.9
20201108,46,47.84,CompetitorC,44.58,-6.8
20201108,153,81.33,CompetitorA,74.41,-8.5
20201108,153,81.33,CompetitorB,79.75,-1.9
20201108,153,81.33,CompetitorC,84.54,3.9
20201108,107,45.85,CompetitorA,48.88,6.6
20201108,107,45.85,CompetitorB,43.9,-4.3
20201108,107,45.85,CompetitorC,42.64,-7.0
20201108,111,55.68,CompetitorA,56.59,1.6
20201108,111,55.68,CompetitorB,62.19,11.7
20201108,111,55.68,CompetitorC,50.62,-9.1
20201108,1,53.14,CompetitorA,48.45,-8.8
20201108,1,53.14,CompetitorB,51.74,-2.6
20201108,1,53.14,CompetitorC,46.51,-12.5
20201108,83,57.47,CompetitorA,57.18,-0.5
20201108,83,57.47,CompetitorB,62.25,8.3
20201108,83,57.47,CompetitorC,63.49,10.5
20210315,57,67.16,CompetitorA,74.3,10.6
20210315,57,67.16,CompetitorB,59.45,-11.5
20210315,57,67.16,CompetitorC,73.28,9.1
20210315,149,30.48,CompetitorA,25.88,-15.1
20210315,149,30.48,CompetitorB,33.58,10.2
20210315,149,30.48,CompetitorC,26.04,-14.6
20210315,67,37.97,CompetitorA,35.72,-5.9
20210315,67,37.97,CompetitorB,41.45,9.2
20210315,67,37.97,CompetitorC,37.8,-0.4
20210315,52,37.7,CompetitorA,39.23,4.1
20210315,52,37.7,CompetitorB,32.71,-13.2
20210315,52,37.7,CompetitorC,42.78,13.5
20210315,1,53.14,CompetitorA,47.53,-10.6
20210315,1,53.14,CompetitorB,56.11,5.6
20210315,1,53.14,CompetitorC,55.08,3.7
20210315,64,58.59,CompetitorA,66.5,13.5
20210315,64,58.59,CompetitorB,58.95,0.6
20210315,64,58.59,CompetitorC,63.43,8.3
20210315,154,50.12,CompetitorA,51.72,3.2
20210315,154,50.12,CompetitorB,49.52,-1.2
20210315,154,50.12,CompetitorC,48.43,-3.4
20210315,155,41.49,CompetitorA,42.26,1.9
20210315,155,41.49,CompetitorB,43.41,4.6
20210315,155,41.49,CompetitorC,42.41,2.2
20210315,148,32.44,CompetitorA,35.9,10.7
20210315,148,32.44,CompetitorB,34.99,7.9
20210315,148,32.44,CompetitorC,33.57,3.5
20210315,83,57.47,CompetitorA,61.47,7.0
20210315,83,57.47,CompetitorB,53.44,-7.0
20210315,83,57.47,CompetitorC,50.15,-12.7
20210315,110,67.39,CompetitorA,62.39,-7.4
20210315,110,67.39,CompetitorB,53.96,-19.9
20210315,110,67.39,CompetitorC,69.64,3.3
20210315,39,41.46,CompetitorA,45.16,8.9
20210315,39,41.46,CompetitorB,41.17,-0.7
20210315,39,41.46,CompetitorC,43.67,5.3
20210315,3,40.19,CompetitorA,35.24,-12.3
20210315,3,40.19,CompetitorB,42.5,5.7
20210315,3,40.19,CompetitorC,41.47,3.2
20210315,76,40.06,CompetitorA,33.22,-17.1
20210315,76,40.06,CompetitorB,44.28,10.5
20210315,76,40.06,CompetitorC,45.85,14.5
20210315,153,81.33,CompetitorA,91.0,11.9
20210315,153,81.33,CompetitorB,89.97,10.6
20210315,153,81.33,CompetitorC,91.92,13.0
20210315,2,29.08,CompetitorA,33.22,14.2
20210315,2,29.08,CompetitorB,29.1,0.1
20210315,2,29.08,CompetitorC,29.81,2.5
20210315,6,59.88,CompetitorA,64.27,7.3
20210315,6,59.88,CompetitorB,61.02,1.9
20210315,6,59.88,CompetitorC,59.41,-0.8
20210315,111,55.68,CompetitorA,53.91,-3.2
20210315,111,55.68,CompetitorB,59.79,7.4
20210315,111,55.68,CompetitorC,55.88,0.4
20210315,7,61.43,CompetitorA,53.17,-13.4
20210315,7,61.43,CompetitorB,50.27,-18.2
20210315,7,61.43,CompetitorC,62.41,1.6
20210315,8,56.61,CompetitorA,50.4,-11.0
20210315,8,56.61,CompetitorB,54.96,-2.9
20210315,8,56.61,CompetitorC,58.25,2.9
20210408,76,40.06,CompetitorA,40.69,1.6
20210408,76,40.06,CompetitorB,44.21,10.4
20210408,76,40.06,CompetitorC,41.27,3.0
20210408,149,30.48,CompetitorA,26.48,-13.1
20210408,149,30.48,CompetitorB,28.75,-5.7
20210408,149,30.48,CompetitorC,31.51,3.4
20210408,110,67.39,CompetitorA,56.1,-16.8
20210408,110,67.39,CompetitorB,72.82,8.1
20210408,110,67.39,CompetitorC,72.77,8.0
20210408,7,61.43,CompetitorA,49.87,-18.8
20210408,7,61.43,CompetitorB,69.94,13.9
20210408,7,61.43,CompetitorC,59.88,-2.5
20210408,52,37.7,CompetitorA,42.79,13.5
20210408,52,37.7,CompetitorB,34.31,-9.0
20210408,52,37.7,CompetitorC,37.06,-1.7
20210408,64,58.59,CompetitorA,48.15,-17.8
20210408,64,58.59,CompetitorB,52.74,-10.0
20210408,64,58.59,CompetitorC,54.22,-7.5
20210408,39,41.46,CompetitorA,41.14,-0.8
20210408,39,41.46,CompetitorB,35.28,-14.9
20210408,39,41.46,CompetitorC,36.1,-12.9
20210408,57,67.16,CompetitorA,55.27,-17.7
20210408,57,67.16,CompetitorB,68.14,1.5
20210408,57,67.16,CompetitorC,62.97,-6.2
20210408,8,56.61,CompetitorA,47.63,-15.9
20210408,8,56.61,CompetitorB,45.48,-19.7
20210408,8,56.61,CompetitorC,52.14,-7.9
20210408,6,59.88,CompetitorA,60.19,0.5
20210408,6,59.88,CompetitorB,59.69,-0.3
20210408,6,59.88,CompetitorC,58.55,-2.2
20210408,2,29.08,CompetitorA,25.06,-13.8
20210408,2,29.08,CompetitorB,26.25,-9.7
20210408,2,29.08,CompetitorC,26.21,-9.9
20210408,1,53.14,CompetitorA,52.25,-1.7
20210408,1,53.14,CompetitorB,53.89,1.4
20210408,1,53.14,CompetitorC,48.96,-7.9
20210408,67,37.97,CompetitorA,39.24,3.3
20210408,67,37.97,CompetitorB,42.41,11.7
20210408,67,37.97,CompetitorC,42.93,13.1
20210408,3,40.19,CompetitorA,42.35,5.4
20210408,3,40.19,CompetitorB,32.38,-19.4
20210408,3,40.19,CompetitorC,41.88,4.2
20210408,46,47.84,CompetitorA,52.74,10.2
20210408,46,47.84,CompetitorB,43.27,-9.6
20210408,46,47.84,CompetitorC,45.79,-4.3
20210408,154,50.12,CompetitorA,43.25,-13.7
20210408,154,50.12,CompetitorB,50.13,0.0
20210408,154,50.12,CompetitorC,48.13,-4.0
20210408,111,55.68,CompetitorA,45.88,-17.6
20210408,111,55.68,CompetitorB,57.42,3.1
20210408,111,55.68,CompetitorC,54.22,-2.6
20210408,153,81.33,CompetitorA,77.75,-4.4
20210408,153,81.33,CompetitorB,65.36,-19.6
20210408,153,81.33,CompetitorC,77.08,-5.2
20210408,83,57.47,CompetitorA,64.77,12.7
20210408,83,57.47,CompetitorB,58.78,2.3
20210408,83,57.47,CompetitorC,59.43,3.4
20210408,107,45.85,CompetitorA,37.06,-19.2
20210408,107,45.85,CompetitorB,37.5,-18.2
20210408,107,45.85,CompetitorC,40.03,-12.7
20200516,111,55.68,CompetitorA,47.95,-13.9
20200516,111,55.68,CompetitorB,50.82,-8.7
20200516,111,55.68,CompetitorC,48.95,-12.1
20200516,64,58.59,CompetitorA,54.82,-6.4
20200516,64,58.59,CompetitorB,60.35,3.0
20200516,64,58.59,CompetitorC,66.06,12.7
20200516,76,40.06,CompetitorA,33.72,-15.8
20200516,76,40.06,CompetitorB,37.54,-6.3
20200516,76,40.06,CompetitorC,34.68,-13.4
20200516,6,59.88,CompetitorA,67.26,12.3
20200516,6,59.88,CompetitorB,60.17,0.5
20200516,6,59.88,CompetitorC,63.58,6.2
20200516,3,40.19,CompetitorA,43.59,8.5
20200516,3,40.19,CompetitorB,32.56,-19.0
20200516,3,40.19,CompetitorC,42.14,4.9
20200516,7,61.43,CompetitorA,60.01,-2.3
20200516,7,61.43,CompetitorB,52.02,-15.3
20200516,7,61.43,CompetitorC,66.72,8.6
20200516,149,30.48,CompetitorA,30.58,0.3
20200516,149,30.48,CompetitorB,31.39,3.0
20200516,149,30.48,CompetitorC,30.33,-0.5
20200516,52,37.7,CompetitorA,36.83,-2.3
20200516,52,37.7,CompetitorB,32.94,-12.6
20200516,52,37.7,CompetitorC,30.37,-19.4
20200516,107,45.85,CompetitorA,41.87,-8.7
20200516,107,45.85,CompetitorB,41.38,-9.7
20200516,107,45.85,CompetitorC,49.41,7.8
20200516,83,57.47,CompetitorA,54.6,-5.0
20200516,83,57.47,CompetitorB,51.51,-10.4
20200516,83,57.47,CompetitorC,65.09,13.3
20200516,1,53.14,CompetitorA,57.39,8.0
20200516,1,53.14,CompetitorB,51.91,-2.3
20200516,1,53.14,CompetitorC,55.58,4.6
20200516,67,37.97,CompetitorA,37.2,-2.0
20200516,67,37.97,CompetitorB,34.44,-9.3
20200516,67,37.97,CompetitorC,33.71,-11.2
20200516,110,67.39,CompetitorA,73.38,8.9
20200516,110,67.39,CompetitorB,68.89,2.2
20200516,110,67.39,CompetitorC,63.7,-5.5
20200516,57,67.16,CompetitorA,74.17,10.4
20200516,57,67.16,CompetitorB,75.74,12.8
20200516,57,67.16,CompetitorC,76.73,14.2
20200516,46,47.84,CompetitorA,49.9,4.3
20200516,46,47.84,CompetitorB,52.0,8.7
20200516,46,47.84,CompetitorC,42.41,-11.4
20200516,2,29.08,CompetitorA,27.47,-5.5
20200516,2,29.08,CompetitorB,27.49,-5.5
20200516,2,29.08,CompetitorC,26.26,-9.7
20200516,155,41.49,CompetitorA,38.58,-7.0
20200516,155,41.49,CompetitorB,45.77,10.3
20200516,155,41.49,CompetitorC,41.19,-0.7
20200516,39,41.46,CompetitorA,38.47,-7.2
20200516,39,41.46,CompetitorB,42.12,1.6
20200516,39,41.46,CompetitorC,37.43,-9.7
20200516,148,32.44,CompetitorA,31.79,-2.0
20200516,148,32.44,CompetitorB,31.24,-3.7
20200516,148,32.44,CompetitorC,34.81,7.3
20200516,153,81.33,CompetitorA,80.36,-1.2
20200516,153,81.33,CompetitorB,69.29,-14.8
20200516,153,81.33,CompetitorC,92.26,13.4
20200716,83,57.47,CompetitorA,56.02,-2.5
20200716,83,57.47,CompetitorB,60.67,5.6
20200716,83,57.47,CompetitorC,56.77,-1.2
20200716,153,81.33,CompetitorA,65.83,-19.1
20200716,153,81.33,CompetitorB,92.55,13.8
20200716,153,81.33,CompetitorC,76.0,-6.6
20200716,76,40.06,CompetitorA,35.63,-11.1
20200716,76,40.06,CompetitorB,36.99,-7.7
20200716,76,40.06,CompetitorC,39.75,-0.8
20200716,57,67.16,CompetitorA,64.94,-3.3
20200716,57,67.16,CompetitorB,56.88,-15.3
20200716,57,67.16,CompetitorC,66.1,-1.6
20200716,154,50.12,CompetitorA,50.06,-0.1
20200716,154,50.12,CompetitorB,51.59,2.9
20200716,154,50.12,CompetitorC,44.59,-11.0
20200716,149,30.48,CompetitorA,24.65,-19.1
20200716,149,30.48,CompetitorB,29.07,-4.6
20200716,149,30.48,CompetitorC,31.39,3.0
20200716,2,29.08,CompetitorA,29.99,3.1
20200716,2,29.08,CompetitorB,32.24,10.9
20200716,2,29.08,CompetitorC,29.87,2.7
20200716,52,37.7,CompetitorA,30.82,-18.2
20200716,52,37.7,CompetitorB,33.99,-9.8
20200716,52,37.7,CompetitorC,32.58,-13.6
20200716,46,47.84,CompetitorA,44.46,-7.1
20200716,46,47.84,CompetitorB,49.25,2.9
20200716,46,47.84,CompetitorC,40.43,-15.5
20200716,67,37.97,CompetitorA,35.49,-6.5
20200716,67,37.97,CompetitorB,30.81,-18.9
20200716,67,37.97,CompetitorC,32.85,-13.5
20200716,3,40.19,CompetitorA,41.79,4.0
20200716,3,40.19,CompetitorB,32.65,-18.8
20200716,3,40.19,CompetitorC,36.23,-9.9
20200716,110,67.39,CompetitorA,65.32,-3.1
20200716,110,67.39,CompetitorB,64.9,-3.7
20200716,110,67.39,CompetitorC,66.49,-1.3
20200716,8,56.61,CompetitorA,48.79,-13.8
20200716,8,56.61,CompetitorB,54.53,-3.7
20200716,8,56.61,CompetitorC,51.03,-9.9
20200716,111,55.68,CompetitorA,57.81,3.8
20200716,111,55.68,CompetitorB,61.38,10.2
20200716,111,55.68,CompetitorC,49.15,-11.7
20200716,1,53.14,CompetitorA,59.85,12.6
20200716,1,53.14,CompetitorB,44.07,-17.1
20200716,1,53.14,CompetitorC,60.26,13.4
20200716,148,32.44,CompetitorA,36.5,12.5
20200716,148,32.44,CompetitorB,29.54,-8.9
20200716,148,32.44,CompetitorC,29.58,-8.8
20200716,107,45.85,CompetitorA,45.59,-0.6
20200716,107,45.85,CompetitorB,40.03,-12.7
20200716,107,45.85,CompetitorC,44.47,-3.0
20200716,7,61.43,CompetitorA,65.94,7.3
20200716,7,61.43,CompetitorB,55.52,-9.6
20200716,7,61.43,CompetitorC,65.26,6.2
20200716,155,41.49,CompetitorA,40.14,-3.3
20200716,155,41.49,CompetitorB,44.42,7.1
20200716,155,41.49,CompetitorC,41.0,-1.2
20200716,64,58.59,CompetitorA,59.32,1.2
20200716,64,58.59,CompetitorB,52.19,-10.9
20200716,64,58.59,CompetitorC,66.22,13.0
20190617,52,37.7,CompetitorA,31.42,-16.7
20190617,52,37.7,CompetitorB,41.56,10.2
20190617,52,37.7,CompetitorC,38.79,2.9
20190617,57,67.16,CompetitorA,66.92,-0.4
20190617,57,67.16,CompetitorB,65.27,-2.8
20190617,57,67.16,CompetitorC,53.74,-20.0
20190617,111,55.68,CompetitorA,53.28,-4.3
20190617,111,55.68,CompetitorB,63.9,14.8
20190617,111,55.68,CompetitorC,51.59,-7.3
20190617,148,32.44,CompetitorA,34.69,6.9
20190617,148,32.44,CompetitorB,33.38,2.9
20190617,148,32.44,CompetitorC,35.82,10.4
20190617,107,45.85,CompetitorA,46.87,2.2
20190617,107,45.85,CompetitorB,48.41,5.6
20190617,107,45.85,CompetitorC,51.26,11.8
20190617,155,41.49,CompetitorA,40.3,-2.9
20190617,155,41.49,CompetitorB,35.59,-14.2
20190617,155,41.49,CompetitorC,33.59,-19.0
20190617,149,30.48,CompetitorA,27.65,-9.3
20190617,149,30.48,CompetitorB,27.03,-11.3
20190617,149,30.48,CompetitorC,33.59,10.2
20190617,6,59.88,CompetitorA,58.29,-2.7
20190617,6,59.88,CompetitorB,54.44,-9.1
20190617,6,59.88,CompetitorC,63.45,6.0
20190617,1,53.14,CompetitorA,46.95,-11.6
20190617,1,53.14,CompetitorB,44.19,-16.8
20190617,1,53.14,CompetitorC,51.94,-2.3
20190617,153,81.33,CompetitorA,89.82,10.4
20190617,153,81.33,CompetitorB,78.63,-3.3
20190617,153,81.33,CompetitorC,89.92,10.6
20190617,154,50.12,CompetitorA,50.18,0.1
20190617,154,50.12,CompetitorB,52.08,3.9
20190617,154,50.12,CompetitorC,53.26,6.3
20190617,39,41.46,CompetitorA,39.01,-5.9
20190617,39,41.46,CompetitorB,47.48,14.5
20190617,39,41.46,CompetitorC,36.4,-12.2
20190617,3,40.19,CompetitorA,44.58,10.9
20190617,3,40.19,CompetitorB,40.77,1.4
20190617,3,40.19,CompetitorC,43.52,8.3
20190617,64,58.59,CompetitorA,49.21,-16.0
20190617,64,58.59,CompetitorB,65.92,12.5
20190617,64,58.59,CompetitorC,61.66,5.2
20190617,7,61.43,CompetitorA,53.61,-12.7
20190617,7,61.43,CompetitorB,66.78,8.7
20190617,7,61.43,CompetitorC,59.02,-3.9
20190617,2,29.08,CompetitorA,26.78,-7.9
20190617,2,29.08,CompetitorB,23.48,-19.3
20190617,2,29.08,CompetitorC,29.99,3.1
20190617,83,57.47,CompetitorA,62.95,9.5
20190617,83,57.47,CompetitorB,59.55,3.6
20190617,83,57.47,CompetitorC,61.79,7.5
20190617,110,67.39,CompetitorA,66.57,-1.2
20190617,110,67.39,CompetitorB,68.71,2.0
20190617,110,67.39,CompetitorC,71.93,6.7
20190617,67,37.97,CompetitorA,32.53,-14.3
20190617,67,37.97,CompetitorB,39.04,2.8
20190617,67,37.97,CompetitorC,33.4,-12.0
20190617,76,40.06,CompetitorA,32.61,-18.6
20190617,76,40.06,CompetitorB,32.33,-19.3
20190617,76,40.06,CompetitorC,40.52,1.1
20201212,107,45.85,CompetitorA,40.49,-11.7
20201212,107,45.85,CompetitorB,52.02,13.5
20201212,107,45.85,CompetitorC,38.65,-15.7
20201212,155,41.49,CompetitorA,39.36,-5.1
20201212,155,41.49,CompetitorB,36.18,-12.8
20201212,155,41.49,CompetitorC,39.14,-5.7
20201212,76,40.06,CompetitorA,41.79,4.3
20201212,76,40.06,CompetitorB,34.3,-14.4
20201212,76,40.06,CompetitorC,33.48,-16.4
20201212,64,58.59,CompetitorA,58.64,0.1
20201212,64,58.59,CompetitorB,66.77,14.0
20201212,64,58.59,CompetitorC,48.05,-18.0
20201212,1,53.14,CompetitorA,46.03,-13.4
20201212,1,53.14,CompetitorB,51.05,-3.9
20201212,1,53.14,CompetitorC,55.84,5.1
20201212,6,59.88,CompetitorA,61.05,2.0
20201212,6,59.88,CompetitorB,64.75,8.1
20201212,6,59.88,CompetitorC,61.46,2.6
20201212,110,67.39,CompetitorA,60.42,-10.3
20201212,110,67.39,CompetitorB,54.87,-18.6
20201212,110,67.39,CompetitorC,58.6,-13.0
20201212,7,61.43,CompetitorA,65.33,6.3
20201212,7,61.43,CompetitorB,56.95,-7.3
20201212,7,61.43,CompetitorC,54.52,-11.2
20201212,154,50.12,CompetitorA,51.91,3.6
20201212,154,50.12,CompetitorB,44.35,-11.5
20201212,154,50.12,CompetitorC,45.6,-9.0
20201212,111,55.68,CompetitorA,44.84,-19.5
20201212,111,55.68,CompetitorB,60.92,9.4
20201212,111,55.68,CompetitorC,49.2,-11.6
20201212,46,47.84,CompetitorA,38.38,-19.8
20201212,46,47.84,CompetitorB,54.23,13.4
20201212,46,47.84,CompetitorC,38.31,-19.9
20201212,8,56.61,CompetitorA,49.25,-13.0
20201212,8,56.61,CompetitorB,54.64,-3.5
20201212,8,56.61,CompetitorC,55.43,-2.1
20201212,67,37.97,CompetitorA,42.89,13.0
20201212,67,37.97,CompetitorB,39.09,2.9
20201212,67,37.97,CompetitorC,38.12,0.4
20201212,153,81.33,CompetitorA,84.08,3.4
20201212,153,81.33,CompetitorB,91.86,12.9
20201212,153,81.33,CompetitorC,72.97,-10.3
20201212,83,57.47,CompetitorA,66.08,15.0
20201212,83,57.47,CompetitorB,59.37,3.3
20201212,83,57.47,CompetitorC,60.58,5.4
20201212,52,37.7,CompetitorA,32.9,-12.7
20201212,52,37.7,CompetitorB,35.67,-5.4
20201212,52,37.7,CompetitorC,30.92,-18.0
20201212,2,29.08,CompetitorA,30.75,5.7
20201212,2,29.08,CompetitorB,26.34,-9.4
20201212,2,29.08,CompetitorC,33.32,14.6
20201212,149,30.48,CompetitorA,34.42,12.9
20201212,149,30.48,CompetitorB,29.18,-4.3
20201212,149,30.48,CompetitorC,27.95,-8.3
20201212,39,41.46,CompetitorA,36.61,-11.7
20201212,39,41.46,CompetitorB,42.39,2.2
20201212,39,41.46,CompetitorC,41.75,0.7
20201212,57,67.16,CompetitorA,54.89,-18.3
20201212,57,67.16,CompetitorB,71.01,5.7
20201212,57,67.16,CompetitorC,57.42,-14.5
20210501,8,56.61,CompetitorA,58.02,2.5
20210501,8,56.61,CompetitorB,51.8,-8.5
20210501,8,56.61,CompetitorC,63.07,11.4
20210501,107,45.85,CompetitorA,48.63,6.1
20210501,107,45.85,CompetitorB,39.48,-13.9
20210501,107,45.85,CompetitorC,44.1,-3.8
20210501,110,67.39,CompetitorA,67.3,-0.1
20210501,110,67.39,CompetitorB,58.3,-13.5
20210501,110,67.39,CompetitorC,55.2,-18.1
20210501,57,67.16,CompetitorA,54.55,-18.8
20210501,57,67.16,CompetitorB,54.57,-18.7
20210501,57,67.16,CompetitorC,62.73,-6.6
20210501,67,37.97,CompetitorA,40.68,7.1
20210501,67,37.97,CompetitorB,42.72,12.5
20210501,67,37.97,CompetitorC,43.42,14.4
20210501,111,55.68,CompetitorA,47.6,-14.5
20210501,111,55.68,CompetitorB,45.87,-17.6
20210501,111,55.68,CompetitorC,50.97,-8.5
20210501,64,58.59,CompetitorA,55.04,-6.1
20210501,64,58.59,CompetitorB,48.64,-17.0
20210501,64,58.59,CompetitorC,62.5,6.7
20210501,83,57.47,CompetitorA,46.64,-18.8
20210501,83,57.47,CompetitorB,57.02,-0.8
20210501,83,57.47,CompetitorC,61.74,7.4
20210501,39,41.46,CompetitorA,38.11,-8.1
20210501,39,41.46,CompetitorB,43.97,6.1
20210501,39,41.46,CompetitorC,44.02,6.2
20210501,1,53.14,CompetitorA,57.84,8.8
20210501,1,53.14,CompetitorB,50.8,-4.4
20210501,1,53.14,CompetitorC,45.82,-13.8
20210501,2,29.08,CompetitorA,30.01,3.2
20210501,2,29.08,CompetitorB,27.85,-4.2
20210501,2,29.08,CompetitorC,32.37,11.3
20210501,154,50.12,CompetitorA,53.49,6.7
20210501,154,50.12,CompetitorB,44.41,-11.4
20210501,154,50.12,CompetitorC,54.63,9.0
20210501,46,47.84,CompetitorA,50.0,4.5
20210501,46,47.84,CompetitorB,38.64,-19.2
20210501,46,47.84,CompetitorC,52.37,9.5
20210501,6,59.88,CompetitorA,64.2,7.2
20210501,6,59.88,CompetitorB,52.67,-12.0
20210501,6,59.88,CompetitorC,50.49,-15.7
20210501,155,41.49,CompetitorA,42.53,2.5
20210501,155,41.49,CompetitorB,39.23,-5.4
20210501,155,41.49,CompetitorC,46.5,12.1
20210501,76,40.06,CompetitorA,45.23,12.9
20210501,76,40.06,CompetitorB,34.08,-14.9
20210501,76,40.06,CompetitorC,40.82,1.9
20210501,149,30.48,CompetitorA,31.76,4.2
20210501,149,30.48,CompetitorB,32.5,6.6
20210501,149,30.48,CompetitorC,35.01,14.9
20210501,153,81.33,CompetitorA,66.99,-17.6
20210501,153,81.33,CompetitorB,78.99,-2.9
20210501,153,81.33,CompetitorC,65.67,-19.3
20210501,148,32.44,CompetitorA,31.43,-3.1
20210501,148,32.44,CompetitorB,28.39,-12.5
20210501,148,32.44,CompetitorC,31.26,-3.6
20210501,52,37.7,CompetitorA,31.62,-16.1
20210501,52,37.7,CompetitorB,30.77,-18.4
20210501,52,37.7,CompetitorC,32.88,-12.8
20190807,111,55.68,CompetitorA,51.97,-6.7
20190807,111,55.68,CompetitorB,54.15,-2.7
20190807,111,55.68,CompetitorC,50.56,-9.2
20190807,83,57.47,CompetitorA,55.27,-3.8
20190807,83,57.47,CompetitorB,52.02,-9.5
20190807,83,57.47,CompetitorC,59.94,4.3
20190807,39,41.46,CompetitorA,42.53,2.6
20190807,39,41.46,CompetitorB,41.17,-0.7
20190807,39,41.46,CompetitorC,42.31,2.1
20190807,155,41.49,CompetitorA,33.24,-19.9
20190807,155,41.49,CompetitorB,40.13,-3.3
20190807,155,41.49,CompetitorC,40.78,-1.7
20190807,52,37.7,CompetitorA,42.37,12.4
20190807,52,37.7,CompetitorB,42.41,12.5
20190807,52,37.7,CompetitorC,39.28,4.2
20190807,1,53.14,CompetitorA,46.76,-12.0
20190807,1,53.14,CompetitorB,47.49,-10.6
20190807,1,53.14,CompetitorC,51.46,-3.2
20190807,148,32.44,CompetitorA,31.83,-1.9
20190807,148,32.44,CompetitorB,33.29,2.6
20190807,148,32.44,CompetitorC,32.69,0.8
20190807,110,67.39,CompetitorA,63.55,-5.7
20190807,110,67.39,CompetitorB,61.3,-9.0
20190807,110,67.39,CompetitorC,68.99,2.4
20190807,8,56.61,CompetitorA,58.32,3.0
20190807,8,56.61,CompetitorB,60.32,6.6
20190807,8,56.61,CompetitorC,63.37,11.9
20190807,2,29.08,CompetitorA,28.18,-3.1
20190807,2,29.08,CompetitorB,30.76,5.8
20190807,2,29.08,CompetitorC,26.5,-8.9
20190807,7,61.43,CompetitorA,63.06,2.7
20190807,7,61.43,CompetitorB,59.36,-3.4
20190807,7,61.43,CompetitorC,65.26,6.2
20190807,67,37.97,CompetitorA,36.36,-4.2
20190807,67,37.97,CompetitorB,30.6,-19.4
20190807,67,37.97,CompetitorC,35.14,-7.5
20190807,76,40.06,CompetitorA,34.41,-14.1
20190807,76,40.06,CompetitorB,36.88,-7.9
20190807,76,40.06,CompetitorC,32.09,-19.9
20190807,6,59.88,CompetitorA,64.31,7.4
20190807,6,59.88,CompetitorB,51.47,-14.0
20190807,6,59.88,CompetitorC,62.25,4.0
20190807,64,58.59,CompetitorA,66.63,13.7
20190807,64,58.59,CompetitorB,54.26,-7.4
20190807,64,58.59,CompetitorC,52.6,-10.2
20190807,149,30.48,CompetitorA,26.49,-13.1
20190807,149,30.48,CompetitorB,27.45,-9.9
20190807,149,30.48,CompetitorC,28.09,-7.8
20190807,153,81.33,CompetitorA,75.07,-7.7
20190807,153,81.33,CompetitorB,87.76,7.9
20190807,153,81.33,CompetitorC,80.52,-1.0
20190807,154,50.12,CompetitorA,48.52,-3.2
20190807,154,50.12,CompetitorB,41.68,-16.8
20190807,154,50.12,CompetitorC,44.01,-12.2
20190807,3,40.19,CompetitorA,46.1,14.7
20190807,3,40.19,CompetitorB,45.68,13.7
20190807,3,40.19,CompetitorC,33.97,-15.5
20190807,107,45.85,CompetitorA,38.32,-16.4
20190807,107,45.85,CompetitorB,51.86,13.1
20190807,107,45.85,CompetitorC,45.8,-0.1
20200629,46,47.84,CompetitorA,53.68,12.2
20200629,46,47.84,CompetitorB,39.66,-17.1
20200629,46,47.84,CompetitorC,42.67,-10.8
20200629,67,37.97,CompetitorA,39.93,5.2
20200629,67,37.97,CompetitorB,39.86,5.0
20200629,67,37.97,CompetitorC,42.66,12.4
20200629,83,57.47,CompetitorA,59.72,3.9
20200629,83,57.47,CompetitorB,50.04,-12.9
20200629,83,57.47,CompetitorC,51.46,-10.5
20200629,39,41.46,CompetitorA,39.31,-5.2
20200629,39,41.46,CompetitorB,39.71,-4.2
20200629,39,41.46,CompetitorC,33.46,-19.3
20200629,3,40.19,CompetitorA,37.46,-6.8
20200629,3,40.19,CompetitorB,44.85,11.6
20200629,3,40.19,CompetitorC,39.45,-1.8
20200629,7,61.43,CompetitorA,60.39,-1.7
20200629,7,61.43,CompetitorB,55.33,-9.9
20200629,7,61.43,CompetitorC,66.87,8.9
20200629,154,50.12,CompetitorA,56.27,12.3
20200629,154,50.12,CompetitorB,53.67,7.1
20200629,154,50.12,CompetitorC,43.93,-12.4
20200629,153,81.33,CompetitorA,85.79,5.5
20200629,153,81.33,CompetitorB,83.82,3.1
20200629,153,81.33,CompetitorC,92.75,14.0
20200629,110,67.39,CompetitorA,63.8,-5.3
20200629,110,67.39,CompetitorB,67.91,0.8
20200629,110,67.39,CompetitorC,56.95,-15.5
20200629,6,59.88,CompetitorA,64.46,7.6
20200629,6,59.88,CompetitorB,67.19,12.2
20200629,6,59.88,CompetitorC,68.81,14.9
20200629,111,55.68,CompetitorA,57.52,3.3
20200629,111,55.68,CompetitorB,54.7,-1.8
20200629,111,55.68,CompetitorC,51.6,-7.3
20200629,8,56.61,CompetitorA,51.48,-9.1
20200629,8,56.61,CompetitorB,46.26,-18.3
20200629,8,56.61,CompetitorC,46.26,-18.3
20200629,155,41.49,CompetitorA,37.44,-9.8
20200629,155,41.49,CompetitorB,40.86,-1.5
20200629,155,41.49,CompetitorC,46.57,12.2
20200629,76,40.06,CompetitorA,38.74,-3.3
20200629,76,40.06,CompetitorB,45.12,12.6
20200629,76,40.06,CompetitorC,44.46,11.0
20200629,149,30.48,CompetitorA,31.1,2.0
20200629,149,30.48,CompetitorB,27.65,-9.3
20200629,149,30.48,CompetitorC,33.28,9.2
20200629,1,53.14,CompetitorA,58.1,9.3
20200629,1,53.14,CompetitorB,46.24,-13.0
20200629,1,53.14,CompetitorC,52.57,-1.1
20200629,64,58.59,CompetitorA,56.14,-4.2
20200629,64,58.59,CompetitorB,58.33,-0.4
20200629,64,58.59,CompetitorC,47.97,-18.1
20200629,57,67.16,CompetitorA,74.82,11.4
20200629,57,67.16,CompetitorB,62.1,-7.5
20200629,57,67.16,CompetitorC,65.54,-2.4
20200629,148,32.44,CompetitorA,35.39,9.1
20200629,148,32.44,CompetitorB,37.09,14.3
20200629,148,32.44,CompetitorC,32.68,0.7
20200629,2,29.08,CompetitorA,32.74,12.6
20200629,2,29.08,CompetitorB,32.21,10.8
20200629,2,29.08,CompetitorC,25.02,-14.0
20200530,1,53.14,CompetitorA,45.73,-13.9
20200530,1,53.14,CompetitorB,44.7,-15.9
20200530,1,53.14,CompetitorC,44.99,-15.3
20200530,83,57.47,CompetitorA,58.55,1.9
20200530,83,57.47,CompetitorB,61.94,7.8
20200530,83,57.47,CompetitorC,53.11,-7.6
20200530,155,41.49,CompetitorA,39.9,-3.8
20200530,155,41.49,CompetitorB,36.44,-12.2
20200530,155,41.49,CompetitorC,35.6,-14.2
20200530,154,50.12,CompetitorA,55.54,10.8
20200530,154,50.12,CompetitorB,43.94,-12.3
20200530,154,50.12,CompetitorC,55.81,11.4
20200530,153,81.33,CompetitorA,70.16,-13.7
20200530,153,81.33,CompetitorB,70.53,-13.3
20200530,153,81.33,CompetitorC,74.59,-8.3
20200530,6,59.88,CompetitorA,56.02,-6.4
20200530,6,59.88,CompetitorB,51.34,-14.3
20200530,6,59.88,CompetitorC,57.18,-4.5
20200530,67,37.97,CompetitorA,41.45,9.2
20200530,67,37.97,CompetitorB,31.54,-16.9
20200530,67,37.97,CompetitorC,38.25,0.7
20200530,3,40.19,CompetitorA,34.41,-14.4
20200530,3,40.19,CompetitorB,34.15,-15.0
20200530,3,40.19,CompetitorC,40.15,-0.1
20200530,52,37.7,CompetitorA,30.57,-18.9
20200530,52,37.7,CompetitorB,33.97,-9.9
20200530,52,37.7,CompetitorC,40.1,6.4
20200530,148,32.44,CompetitorA,31.79,-2.0
20200530,148,32.44,CompetitorB,28.0,-13.7
20200530,148,32.44,CompetitorC,31.35,-3.4
20200530,2,29.08,CompetitorA,23.31,-19.8
20200530,2,29.08,CompetitorB,28.75,-1.1
20200530,2,29.08,CompetitorC,31.43,8.1
20200530,111,55.68,CompetitorA,48.02,-13.8
20200530,111,55.68,CompetitorB,61.32,10.1
20200530,111,55.68,CompetitorC,59.76,7.3
20200530,57,67.16,CompetitorA,74.65,11.2
20200530,57,67.16,CompetitorB,70.99,5.7
20200530,57,67.16,CompetitorC,62.78,-6.5
20200530,7,61.43,CompetitorA,50.19,-18.3
20200530,7,61.43,CompetitorB,68.3,11.2
20200530,7,61.43,CompetitorC,64.99,5.8
20200530,149,30.48,CompetitorA,34.05,11.7
20200530,149,30.48,CompetitorB,28.88,-5.2
20200530,149,30.48,CompetitorC,27.47,-9.9
20200530,64,58.59,CompetitorA,64.99,10.9
20200530,64,58.59,CompetitorB,65.31,11.5
20200530,64,58.59,CompetitorC,50.04,-14.6
20200530,76,40.06,CompetitorA,44.24,10.4
20200530,76,40.06,CompetitorB,41.39,3.3
20200530,76,40.06,CompetitorC,42.44,5.9
20200530,46,47.84,CompetitorA,43.81,-8.4
20200530,46,47.84,CompetitorB,40.68,-15.0
20200530,46,47.84,CompetitorC,48.2,0.8
20200530,39,41.46,CompetitorA,40.7,-1.8
20200530,39,41.46,CompetitorB,38.12,-8.1
20200530,39,41.46,CompetitorC,41.29,-0.4
20200530,8,56.61,CompetitorA,62.5,10.4
20200530,8,56.61,CompetitorB,57.41,1.4
20200530,8,56.61,CompetitorC,48.25,-14.8
20201128,7,61.43,CompetitorA,60.31,-1.8
20201128,7,61.43,CompetitorB,49.15,-20.0
20201128,7,61.43,CompetitorC,53.48,-12.9
20201128,107,45.85,CompetitorA,38.35,-16.4
20201128,107,45.85,CompetitorB,45.26,-1.3
20201128,107,45.85,CompetitorC,37.63,-17.9
20201128,39,41.46,CompetitorA,46.38,11.9
20201128,39,41.46,CompetitorB,34.2,-17.5
20201128,39,41.46,CompetitorC,46.35,11.8
20201128,52,37.7,CompetitorA,30.92,-18.0
20201128,52,37.7,CompetitorB,41.76,10.8
20201128,52,37.7,CompetitorC,39.15,3.8
20201128,110,67.39,CompetitorA,71.73,6.4
20201128,110,67.39,CompetitorB,75.29,11.7
20201128,110,67.39,CompetitorC,60.95,-9.6
20201128,64,58.59,CompetitorA,62.94,7.4
20201128,64,58.59,CompetitorB,48.76,-16.8
20201128,64,58.59,CompetitorC,55.82,-4.7
20201128,6,59.88,CompetitorA,53.12,-11.3
20201128,6,59.88,CompetitorB,65.9,10.1
20201128,6,59.88,CompetitorC,59.16,-1.2
20201128,148,32.44,CompetitorA,28.46,-12.3
20201128,148,32.44,CompetitorB,29.68,-8.5
20201128,148,32.44,CompetitorC,29.37,-9.5
20201128,149,30.48,CompetitorA,24.94,-18.2
20201128,149,30.48,CompetitorB,24.71,-18.9
20201128,149,30.48,CompetitorC,28.73,-5.7
20201128,57,67.16,CompetitorA,68.25,1.6
20201128,57,67.16,CompetitorB,76.5,13.9
20201128,57,67.16,CompetitorC,71.01,5.7
20201128,3,40.19,CompetitorA,38.11,-5.2
20201128,3,40.19,CompetitorB,37.01,-7.9
20201128,3,40.19,CompetitorC,44.19,10.0
20201128,2,29.08,CompetitorA,32.52,11.8
20201128,2,29.08,CompetitorB,31.99,10.0
20201128,2,29.08,CompetitorC,31.01,6.6
20201128,111,55.68,CompetitorA,45.38,-18.5
20201128,111,55.68,CompetitorB,49.92,-10.3
20201128,111,55.68,CompetitorC,57.18,2.7
20201128,155,41.49,CompetitorA,45.77,10.3
20201128,155,41.49,CompetitorB,44.38,7.0
20201128,155,41.49,CompetitorC,46.9,13.0
20201128,46,47.84,CompetitorA,50.02,4.6
20201128,46,47.84,CompetitorB,49.18,2.8
20201128,46,47.84,CompetitorC,50.96,6.5
20201128,76,40.06,CompetitorA,42.33,5.7
20201128,76,40.06,CompetitorB,36.38,-9.2
20201128,76,40.06,CompetitorC,38.96,-2.7
20201128,83,57.47,CompetitorA,64.8,12.8
20201128,83,57.47,CompetitorB,60.73,5.7
20201128,83,57.47,CompetitorC,57.84,0.6
20201128,153,81.33,CompetitorA,76.65,-5.8
20201128,153,81.33,CompetitorB,84.39,3.8
20201128,153,81.33,CompetitorC,85.98,5.7
20201128,8,56.61,CompetitorA,57.07,0.8
20201128,8,56.61,CompetitorB,62.38,10.2
20201128,8,56.61,CompetitorC,57.54,1.6
20201128,154,50.12,CompetitorA,46.38,-7.5
20201128,154,50.12,CompetitorB,52.38,4.5
20201128,154,50.12,CompetitorC,43.13,-13.9
20200621,110,67.39,CompetitorA,61.0,-9.5
20200621,110,67.39,CompetitorB,62.67,-7.0
20200621,110,67.39,CompetitorC,64.71,-4.0
20200621,83,57.47,CompetitorA,46.42,-19.2
20200621,83,57.47,CompetitorB,53.8,-6.4
20200621,83,57.47,CompetitorC,63.3,10.1
20200621,154,50.12,CompetitorA,45.66,-8.9
20200621,154,50.12,CompetitorB,50.83,1.4
20200621,154,50.12,CompetitorC,56.79,13.3
20200621,111,55.68,CompetitorA,48.88,-12.2
20200621,111,55.68,CompetitorB,47.08,-15.4
20200621,111,55.68,CompetitorC,58.7,5.4
20200621,1,53.14,CompetitorA,47.67,-10.3
20200621,1,53.14,CompetitorB,59.92,12.8
20200621,1,53.14,CompetitorC,60.2,13.3
20200621,39,41.46,CompetitorA,44.14,6.5
20200621,39,41.46,CompetitorB,40.04,-3.4
20200621,39,41.46,CompetitorC,37.28,-10.1
20200621,67,37.97,CompetitorA,38.17,0.5
20200621,67,37.97,CompetitorB,37.59,-1.0
20200621,67,37.97,CompetitorC,33.19,-12.6
20200621,153,81.33,CompetitorA,91.38,12.4
20200621,153,81.33,CompetitorB,80.62,-0.9
20200621,153,81.33,CompetitorC,82.78,1.8
20200621,46,47.84,CompetitorA,39.4,-17.6
20200621,46,47.84,CompetitorB,38.42,-19.7
20200621,46,47.84,CompetitorC,43.43,-9.2
20200621,57,67.16,CompetitorA,69.44,3.4
20200621,57,67.16,CompetitorB,67.22,0.1
20200621,57,67.16,CompetitorC,59.85,-10.9
20200621,6,59.88,CompetitorA,65.89,10.0
20200621,6,59.88,CompetitorB,65.59,9.5
20200621,6,59.88,CompetitorC,62.67,4.7
20200621,8,56.61,CompetitorA,51.9,-8.3
20200621,8,56.61,CompetitorB,48.41,-14.5
20200621,8,56.61,CompetitorC,47.59,-15.9
20200621,148,32.44,CompetitorA,31.66,-2.4
20200621,148,32.44,CompetitorB,34.04,4.9
20200621,148,32.44,CompetitorC,30.07,-7.3
20200621,52,37.7,CompetitorA,37.05,-1.7
20200621,52,37.7,CompetitorB,32.82,-12.9
20200621,52,37.7,CompetitorC,40.85,8.4
20200621,149,30.48,CompetitorA,31.74,4.1
20200621,149,30.48,CompetitorB,34.74,14.0
20200621,149,30.48,CompetitorC,27.88,-8.5
20200621,107,45.85,CompetitorA,44.68,-2.6
20200621,107,45.85,CompetitorB,41.36,-9.8
20200621,107,45.85,CompetitorC,38.26,-16.6
20200621,7,61.43,CompetitorA,65.92,7.3
20200621,7,61.43,CompetitorB,60.56,-1.4
20200621,7,61.43,CompetitorC,61.53,0.2
20200621,76,40.06,CompetitorA,45.73,14.2
20200621,76,40.06,CompetitorB,35.69,-10.9
20200621,76,40.06,CompetitorC,38.1,-4.9
20200621,3,40.19,CompetitorA,38.11,-5.2
20200621,3,40.19,CompetitorB,36.65,-8.8
20200621,3,40.19,CompetitorC,43.33,7.8
20200621,2,29.08,CompetitorA,26.91,-7.5
20200621,2,29.08,CompetitorB,26.72,-8.1
20200621,2,29.08,CompetitorC,32.53,11.9
20190809,155,41.49,CompetitorA,38.54,-7.1
20190809,155,41.49,CompetitorB,38.92,-6.2
20190809,155,41.49,CompetitorC,39.86,-3.9
20190809,107,45.85,CompetitorA,45.2,-1.4
20190809,107,45.85,CompetitorB,48.19,5.1
20190809,107,45.85,CompetitorC,45.51,-0.7
20190809,2,29.08,CompetitorA,32.71,12.5
20190809,2,29.08,CompetitorB,27.44,-5.6
20190809,2,29.08,CompetitorC,33.43,15.0
20190809,76,40.06,CompetitorA,43.08,7.5
20190809,76,40.06,CompetitorB,38.02,-5.1
20190809,76,40.06,CompetitorC,39.11,-2.4
20190809,7,61.43,CompetitorA,55.8,-9.2
20190809,7,61.43,CompetitorB,53.99,-12.1
20190809,7,61.43,CompetitorC,66.17,7.7
20190809,6,59.88,CompetitorA,59.34,-0.9
20190809,6,59.88,CompetitorB,68.29,14.0
20190809,6,59.88,CompetitorC,56.01,-6.5
20190809,52,37.7,CompetitorA,43.03,14.1
20190809,52,37.7,CompetitorB,42.79,13.5
20190809,52,37.7,CompetitorC,34.62,-8.2
20190809,67,37.97,CompetitorA,42.59,12.2
20190809,67,37.97,CompetitorB,36.65,-3.5
20190809,67,37.97,CompetitorC,42.99,13.2
20190809,111,55.68,CompetitorA,51.09,-8.2
20190809,111,55.68,CompetitorB,47.46,-14.8
20190809,111,55.68,CompetitorC,63.02,13.2
20190809,1,53.14,CompetitorA,47.99,-9.7
20190809,1,53.14,CompetitorB,53.67,1.0
20190809,1,53.14,CompetitorC,50.46,-5.0
20190809,39,41.46,CompetitorA,46.84,13.0
20190809,39,41.46,CompetitorB,34.71,-16.3
20190809,39,41.46,CompetitorC,34.62,-16.5
20190809,8,56.61,CompetitorA,54.13,-4.4
20190809,8,56.61,CompetitorB,61.58,8.8
20190809,8,56.61,CompetitorC,54.64,-3.5
20190809,153,81.33,CompetitorA,69.61,-14.4
20190809,153,81.33,CompetitorB,70.55,-13.3
20190809,153,81.33,CompetitorC,76.75,-5.6
20190809,83,57.47,CompetitorA,61.33,6.7
20190809,83,57.47,CompetitorB,64.38,12.0
20190809,83,57.47,CompetitorC,59.04,2.7
20190809,110,67.39,CompetitorA,59.95,-11.0
20190809,110,67.39,CompetitorB,60.82,-9.7
20190809,110,67.39,CompetitorC,59.96,-11.0
20190809,64,58.59,CompetitorA,63.8,8.9
20190809,64,58.59,CompetitorB,59.65,1.8
20190809,64,58.59,CompetitorC,60.59,3.4
20190809,46,47.84,CompetitorA,42.08,-12.0
20190809,46,47.84,CompetitorB,52.71,10.2
20190809,46,47.84,CompetitorC,41.31,-13.6
20190809,3,40.19,CompetitorA,36.39,-9.5
20190809,3,40.19,CompetitorB,42.09,4.7
20190809,3,40.19,CompetitorC,42.17,4.9
20190809,154,50.12,CompetitorA,47.73,-4.8
20190809,154,50.12,CompetitorB,43.01,-14.2
20190809,154,50.12,CompetitorC,41.15,-17.9
20190809,149,30.48,CompetitorA,24.74,-18.8
20190809,149,30.48,CompetitorB,30.35,-0.4
20190809,149,30.48,CompetitorC,28.44,-6.7
20200413,148,32.44,CompetitorA,33.64,3.7
20200413,148,32.44,CompetitorB,34.58,6.6
20200413,148,32.44,CompetitorC,31.03,-4.3
20200413,2,29.08,CompetitorA,27.3,-6.1
20200413,2,29.08,CompetitorB,33.28,14.4
20200413,2,29.08,CompetitorC,29.4,1.1
20200413,3,40.19,CompetitorA,37.0,-7.9
20200413,3,40.19,CompetitorB,39.17,-2.5
20200413,3,40.19,CompetitorC,37.87,-5.8
20200413,83,57.47,CompetitorA,46.43,-19.2
20200413,83,57.47,CompetitorB,65.77,14.4
20200413,83,57.47,CompetitorC,56.04,-2.5
20200413,1,53.14,CompetitorA,54.87,3.3
20200413,1,53.14,CompetitorB,59.2,11.4
20200413,1,53.14,CompetitorC,50.14,-5.6
20200413,154,50.12,CompetitorA,50.17,0.1
20200413,154,50.12,CompetitorB,47.06,-6.1
20200413,154,50.12,CompetitorC,43.76,-12.7
20200413,6,59.88,CompetitorA,61.05,2.0
20200413,6,59.88,CompetitorB,65.53,9.4
20200413,6,59.88,CompetitorC,56.84,-5.1
20200413,153,81.33,CompetitorA,81.04,-0.4
20200413,153,81.33,CompetitorB,75.98,-6.6
20200413,153,81.33,CompetitorC,92.97,14.3
20200413,7,61.43,CompetitorA,64.07,4.3
20200413,7,61.43,CompetitorB,69.67,13.4
20200413,7,61.43,CompetitorC,54.31,-11.6
20200413,110,67.39,CompetitorA,69.19,2.7
20200413,110,67.39,CompetitorB,61.97,-8.0
20200413,110,67.39,CompetitorC,69.87,3.7
20200413,39,41.46,CompetitorA,47.12,13.7
20200413,39,41.46,CompetitorB,38.14,-8.0
20200413,39,41.46,CompetitorC,36.29,-12.5
20200413,8,56.61,CompetitorA,64.78,14.4
20200413,8,56.61,CompetitorB,62.32,10.1
20200413,8,56.61,CompetitorC,48.17,-14.9
20200413,111,55.68,CompetitorA,62.81,12.8
20200413,111,55.68,CompetitorB,58.39,4.9
20200413,111,55.68,CompetitorC,58.17,4.5
20200413,107,45.85,CompetitorA,48.45,5.7
20200413,107,45.85,CompetitorB,49.87,8.8
20200413,107,45.85,CompetitorC,42.37,-7.6
20200413,67,37.97,CompetitorA,39.26,3.4
20200413,67,37.97,CompetitorB,40.54,6.8
20200413,67,37.97,CompetitorC,39.53,4.1
20200413,46,47.84,CompetitorA,41.57,-13.1
20200413,46,47.84,CompetitorB,39.18,-18.1
20200413,46,47.84,CompetitorC,45.34,-5.2
20200413,57,67.16,CompetitorA,66.49,-1.0
20200413,57,67.16,CompetitorB,58.69,-12.6
20200413,57,67.16,CompetitorC,55.48,-17.4
20200413,52,37.7,CompetitorA,36.52,-3.1
20200413,52,37.7,CompetitorB,31.87,-15.5
20200413,52,37.7,CompetitorC,34.53,-8.4
20200413,64,58.59,CompetitorA,57.67,-1.6
20200413,64,58.59,CompetitorB,54.2,-7.5
20200413,64,58.59,CompetitorC,67.27,14.8
20200413,155,41.49,CompetitorA,38.68,-6.8
20200413,155,41.49,CompetitorB,42.5,2.4
20200413,155,41.49,CompetitorC,47.11,13.5
20200420,76,40.06,CompetitorA,36.25,-9.5
20200420,76,40.06,CompetitorB,35.27,-12.0
20200420,76,40.06,CompetitorC,37.77,-5.7
20200420,3,40.19,CompetitorA,41.3,2.8
20200420,3,40.19,CompetitorB,40.79,1.5
20200420,3,40.19,CompetitorC,39.73,-1.1
20200420,6,59.88,CompetitorA,64.5,7.7
20200420,6,59.88,CompetitorB,50.62,-15.5
20200420,6,59.88,CompetitorC,54.94,-8.2
20200420,148,32.44,CompetitorA,28.54,-12.0
20200420,148,32.44,CompetitorB,32.61,0.5
20200420,148,32.44,CompetitorC,26.0,-19.9
20200420,107,45.85,CompetitorA,47.42,3.4
20200420,107,45.85,CompetitorB,42.86,-6.5
20200420,107,45.85,CompetitorC,39.52,-13.8
20200420,83,57.47,CompetitorA,63.75,10.9
20200420,83,57.47,CompetitorB,62.6,8.9
20200420,83,57.47,CompetitorC,60.31,4.9
20200420,39,41.46,CompetitorA,37.01,-10.7
20200420,39,41.46,CompetitorB,39.49,-4.8
20200420,39,41.46,CompetitorC,33.7,-18.7
20200420,57,67.16,CompetitorA,57.43,-14.5
20200420,57,67.16,CompetitorB,66.67,-0.7
20200420,57,67.16,CompetitorC,67.31,0.2
20200420,153,81.33,CompetitorA,88.1,8.3
20200420,153,81.33,CompetitorB,74.6,-8.3
20200420,153,81.33,CompetitorC,70.74,-13.0
20200420,67,37.97,CompetitorA,32.8,-13.6
20200420,67,37.97,CompetitorB,40.08,5.6
20200420,67,37.97,CompetitorC,37.62,-0.9
20200420,7,61.43,CompetitorA,68.13,10.9
20200420,7,61.43,CompetitorB,66.38,8.1
20200420,7,61.43,CompetitorC,66.18,7.7
20200420,2,29.08,CompetitorA,30.26,4.1
20200420,2,29.08,CompetitorB,31.22,7.4
20200420,2,29.08,CompetitorC,29.76,2.3
20200420,46,47.84,CompetitorA,41.38,-13.5
20200420,46,47.84,CompetitorB,50.7,6.0
20200420,46,47.84,CompetitorC,41.07,-14.2
20200420,1,53.14,CompetitorA,44.04,-17.1
20200420,1,53.14,CompetitorB,49.33,-7.2
20200420,1,53.14,CompetitorC,54.42,2.4
20200420,110,67.39,CompetitorA,66.19,-1.8
20200420,110,67.39,CompetitorB,72.42,7.5
20200420,110,67.39,CompetitorC,73.94,9.7
20200420,52,37.7,CompetitorA,39.8,5.6
20200420,52,37.7,CompetitorB,40.85,8.4
20200420,52,37.7,CompetitorC,35.98,-4.6
20200420,155,41.49,CompetitorA,38.62,-6.9
20200420,155,41.49,CompetitorB,44.74,7.8
20200420,155,41.49,CompetitorC,37.91,-8.6
20200420,154,50.12,CompetitorA,53.78,7.3
20200420,154,50.12,CompetitorB,44.03,-12.2
20200420,154,50.12,CompetitorC,49.79,-0.7
20200420,64,58.59,CompetitorA,49.93,-14.8
20200420,64,58.59,CompetitorB,65.79,12.3
20200420,64,58.59,CompetitorC,52.05,-11.2
20200420,111,55.68,CompetitorA,60.85,9.3
20200420,111,55.68,CompetitorB,49.73,-10.7
20200420,111,55.68,CompetitorC,62.96,13.1
20200714,149,30.48,CompetitorA,26.05,-14.5
20200714,149,30.48,CompetitorB,30.79,1.0
20200714,149,30.48,CompetitorC,31.32,2.8
20200714,39,41.46,CompetitorA,33.99,-18.0
20200714,39,41.46,CompetitorB,47.1,13.6
20200714,39,41.46,CompetitorC,44.86,8.2
20200714,1,53.14,CompetitorA,47.0,-11.6
20200714,1,53.14,CompetitorB,56.02,5.4
20200714,1,53.14,CompetitorC,49.26,-7.3
20200714,8,56.61,CompetitorA,62.63,10.6
20200714,8,56.61,CompetitorB,55.38,-2.2
20200714,8,56.61,CompetitorC,61.56,8.7
20200714,148,32.44,CompetitorA,36.37,12.1
20200714,148,32.44,CompetitorB,26.41,-18.6
20200714,148,32.44,CompetitorC,30.09,-7.2
20200714,83,57.47,CompetitorA,64.15,11.6
20200714,83,57.47,CompetitorB,47.99,-16.5
20200714,83,57.47,CompetitorC,58.42,1.7
20200714,64,58.59,CompetitorA,53.79,-8.2
20200714,64,58.59,CompetitorB,52.09,-11.1
20200714,64,58.59,CompetitorC,66.58,13.6
20200714,155,41.49,CompetitorA,40.19,-3.1
20200714,155,41.49,CompetitorB,43.33,4.4
20200714,155,41.49,CompetitorC,40.0,-3.6
20200714,111,55.68,CompetitorA,47.59,-14.5
20200714,111,55.68,CompetitorB,58.8,5.6
20200714,111,55.68,CompetitorC,62.88,12.9
20200714,3,40.19,CompetitorA,32.97,-18.0
20200714,3,40.19,CompetitorB,45.85,14.1
20200714,3,40.19,CompetitorC,36.97,-8.0
20200714,67,37.97,CompetitorA,32.69,-13.9
20200714,67,37.97,CompetitorB,41.97,10.5
20200714,67,37.97,CompetitorC,38.2,0.6
20200714,2,29.08,CompetitorA,26.94,-7.4
20200714,2,29.08,CompetitorB,29.97,3.1
20200714,2,29.08,CompetitorC,29.51,1.5
20200714,6,59.88,CompetitorA,48.32,-19.3
20200714,6,59.88,CompetitorB,63.49,6.0
20200714,6,59.88,CompetitorC,56.47,-5.7
20200714,154,50.12,CompetitorA,56.44,12.6
20200714,154,50.12,CompetitorB,50.43,0.6
20200714,154,50.12,CompetitorC,53.48,6.7
20200714,57,67.16,CompetitorA,76.53,14.0
20200714,57,67.16,CompetitorB,74.08,10.3
20200714,57,67.16,CompetitorC,68.66,2.2
20200714,76,40.06,CompetitorA,37.81,-5.6
20200714,76,40.06,CompetitorB,35.52,-11.3
20200714,76,40.06,CompetitorC,40.06,0.0
20200714,153,81.33,CompetitorA,81.01,-0.4
20200714,153,81.33,CompetitorB,80.92,-0.5
20200714,153,81.33,CompetitorC,91.23,12.2
20200714,110,67.39,CompetitorA,53.95,-19.9
20200714,110,67.39,CompetitorB,58.96,-12.5
20200714,110,67.39,CompetitorC,61.41,-8.9
20200714,7,61.43,CompetitorA,63.06,2.7
20200714,7,61.43,CompetitorB,67.08,9.2
20200714,7,61.43,CompetitorC,66.05,7.5
20200714,52,37.7,CompetitorA,32.11,-14.8
20200714,52,37.7,CompetitorB,37.95,0.7
20200714,52,37.7,CompetitorC,38.92,3.2
20200926,6,59.88,CompetitorA,63.12,5.4
20200926,6,59.88,CompetitorB,61.39,2.5
20200926,6,59.88,CompetitorC,49.99,-16.5
20200926,3,40.19,CompetitorA,42.2,5.0
20200926,3,40.19,CompetitorB,34.68,-13.7
20200926,3,40.19,CompetitorC,42.32,5.3
20200926,83,57.47,CompetitorA,57.67,0.3
20200926,83,57.47,CompetitorB,64.33,11.9
20200926,83,57.47,CompetitorC,63.68,10.8
20200926,64,58.59,CompetitorA,57.44,-2.0
20200926,64,58.59,CompetitorB,55.93,-4.5
20200926,64,58.59,CompetitorC,55.98,-4.5
20200926,8,56.61,CompetitorA,57.5,1.6
20200926,8,56.61,CompetitorB,45.56,-19.5
20200926,8,56.61,CompetitorC,57.58,1.7
20200926,107,45.85,CompetitorA,41.47,-9.6
20200926,107,45.85,CompetitorB,46.67,1.8
20200926,107,45.85,CompetitorC,39.08,-14.8
20200926,110,67.39,CompetitorA,68.32,1.4
20200926,110,67.39,CompetitorB,68.54,1.7
20200926,110,67.39,CompetitorC,76.83,14.0
20200926,39,41.46,CompetitorA,46.99,13.3
20200926,39,41.46,CompetitorB,41.0,-1.1
20200926,39,41.46,CompetitorC,41.49,0.1
20200926,153,81.33,CompetitorA,73.18,-10.0
20200926,153,81.33,CompetitorB,75.05,-7.7
20200926,153,81.33,CompetitorC,86.94,6.9
20200926,148,32.44,CompetitorA,36.3,11.9
20200926,148,32.44,CompetitorB,33.6,3.6
20200926,148,32.44,CompetitorC,26.18,-19.3
20200926,2,29.08,CompetitorA,24.6,-15.4
20200926,2,29.08,CompetitorB,32.52,11.8
20200926,2,29.08,CompetitorC,33.25,14.3
20200926,155,41.49,CompetitorA,33.55,-19.1
20200926,155,41.49,CompetitorB,37.76,-9.0
20200926,155,41.49,CompetitorC,42.51,2.5
20200926,149,30.48,CompetitorA,25.16,-17.5
20200926,149,30.48,CompetitorB,31.97,4.9
20200926,149,30.48,CompetitorC,27.81,-8.8
20200926,7,61.43,CompetitorA,50.25,-18.2
20200926,7,61.43,CompetitorB,65.62,6.8
20200926,7,61.43,CompetitorC,68.16,11.0
20200926,1,53.14,CompetitorA,47.82,-10.0
20200926,1,53.14,CompetitorB,60.54,13.9
20200926,1,53.14,CompetitorC,55.22,3.9
20200926,76,40.06,CompetitorA,45.27,13.0
20200926,76,40.06,CompetitorB,35.45,-11.5
20200926,76,40.06,CompetitorC,43.05,7.5
20200926,111,55.68,CompetitorA,51.91,-6.8
20200926,111,55.68,CompetitorB,48.1,-13.6
20200926,111,55.68,CompetitorC,51.49,-7.5
20200926,57,67.16,CompetitorA,64.45,-4.0
20200926,57,67.16,CompetitorB,75.17,11.9
20200926,57,67.16,CompetitorC,73.32,9.2
20200926,46,47.84,CompetitorA,41.13,-14.0
20200926,46,47.84,CompetitorB,42.44,-11.3
20200926,46,47.84,CompetitorC,54.32,13.5
20200926,52,37.7,CompetitorA,38.23,1.4
20200926,52,37.7,CompetitorB,33.14,-12.1
20200926,52,37.7,CompetitorC,33.28,-11.7
20190916,111,55.68,CompetitorA,50.43,-9.4
20190916,111,55.68,CompetitorB,48.13,-13.6
20190916,111,55.68,CompetitorC,60.38,8.4
20190916,107,45.85,CompetitorA,40.5,-11.7
20190916,107,45.85,CompetitorB,43.74,-4.6
20190916,107,45.85,CompetitorC,40.84,-10.9
20190916,3,40.19,CompetitorA,32.54,-19.0
20190916,3,40.19,CompetitorB,43.1,7.2
20190916,3,40.19,CompetitorC,40.11,-0.2
20190916,110,67.39,CompetitorA,61.13,-9.3
20190916,110,67.39,CompetitorB,77.23,14.6
20190916,110,67.39,CompetitorC,71.83,6.6
20190916,57,67.16,CompetitorA,56.33,-16.1
20190916,57,67.16,CompetitorB,73.32,9.2
20190916,57,67.16,CompetitorC,71.78,6.9
20190916,52,37.7,CompetitorA,36.38,-3.5
20190916,52,37.7,CompetitorB,35.65,-5.4
20190916,52,37.7,CompetitorC,31.8,-15.6
20190916,155,41.49,CompetitorA,44.17,6.5
20190916,155,41.49,CompetitorB,45.29,9.2
20190916,155,41.49,CompetitorC,39.57,-4.6
20190916,39,41.46,CompetitorA,42.99,3.7
20190916,39,41.46,CompetitorB,39.6,-4.5
20190916,39,41.46,CompetitorC,34.01,-18.0
20190916,149,30.48,CompetitorA,31.68,3.9
20190916,149,30.48,CompetitorB,32.83,7.7
20190916,149,30.48,CompetitorC,26.52,-13.0
20190916,153,81.33,CompetitorA,69.72,-14.3
20190916,153,81.33,CompetitorB,78.08,-4.0
20190916,153,81.33,CompetitorC,80.07,-1.5
20190916,67,37.97,CompetitorA,32.22,-15.1
20190916,67,37.97,CompetitorB,36.94,-2.7
20190916,67,37.97,CompetitorC,31.7,-16.5
20190916,76,40.06,CompetitorA,36.4,-9.1
20190916,76,40.06,CompetitorB,37.27,-7.0
20190916,76,40.06,CompetitorC,35.89,-10.4
20190916,7,61.43,CompetitorA,57.05,-7.1
20190916,7,61.43,CompetitorB,63.77,3.8
20190916,7,61.43,CompetitorC,67.13,9.3
20190916,46,47.84,CompetitorA,51.14,6.9
20190916,46,47.84,CompetitorB,51.36,7.4
20190916,46,47.84,CompetitorC,41.77,-12.7
20190916,64,58.59,CompetitorA,47.45,-19.0
20190916,64,58.59,CompetitorB,48.24,-17.7
20190916,64,58.59,CompetitorC,65.02,11.0
20190916,1,53.14,CompetitorA,47.19,-11.2
20190916,1,53.14,CompetitorB,46.41,-12.7
20190916,1,53.14,CompetitorC,50.37,-5.2
20190916,83,57.47,CompetitorA,55.98,-2.6
20190916,83,57.47,CompetitorB,48.09,-16.3
20190916,83,57.47,CompetitorC,64.54,12.3
20190916,154,50.12,CompetitorA,41.85,-16.5
20190916,154,50.12,CompetitorB,43.34,-13.5
20190916,154,50.12,CompetitorC,57.21,14.1
20190916,2,29.08,CompetitorA,28.38,-2.4
20190916,2,29.08,CompetitorB,26.11,-10.2
20190916,2,29.08,CompetitorC,24.73,-15.0
20190916,148,32.44,CompetitorA,28.8,-11.2
20190916,148,32.44,CompetitorB,27.56,-15.0
20190916,148,32.44,CompetitorC,31.38,-3.3
20190625,46,47.84,CompetitorA,53.44,11.7
20190625,46,47.84,CompetitorB,47.88,0.1
20190625,46,47.84,CompetitorC,50.56,5.7
20190625,148,32.44,CompetitorA,31.34,-3.4
20190625,148,32.44,CompetitorB,32.82,1.2
20190625,148,32.44,CompetitorC,28.48,-12.2
20190625,6,59.88,CompetitorA,67.73,13.1
20190625,6,59.88,CompetitorB,62.94,5.1
20190625,6,59.88,CompetitorC,68.22,13.9
20190625,1,53.14,CompetitorA,54.46,2.5
20190625,1,53.14,CompetitorB,47.43,-10.7
20190625,1,53.14,CompetitorC,58.57,10.2
20190625,111,55.68,CompetitorA,50.79,-8.8
20190625,111,55.68,CompetitorB,56.86,2.1
20190625,111,55.68,CompetitorC,63.71,14.4
20190625,3,40.19,CompetitorA,35.51,-11.6
20190625,3,40.19,CompetitorB,39.54,-1.6
20190625,3,40.19,CompetitorC,38.95,-3.1
20190625,149,30.48,CompetitorA,33.76,10.8
20190625,149,30.48,CompetitorB,34.07,11.8
20190625,149,30.48,CompetitorC,32.93,8.0
20190625,154,50.12,CompetitorA,47.88,-4.5
20190625,154,50.12,CompetitorB,45.43,-9.4
20190625,154,50.12,CompetitorC,52.28,4.3
20190625,83,57.47,CompetitorA,57.89,0.7
20190625,83,57.47,CompetitorB,53.02,-7.7
20190625,83,57.47,CompetitorC,48.7,-15.3
20190625,2,29.08,CompetitorA,31.86,9.6
20190625,2,29.08,CompetitorB,23.53,-19.1
20190625,2,29.08,CompetitorC,28.38,-2.4
20190625,64,58.59,CompetitorA,59.34,1.3
20190625,64,58.59,CompetitorB,60.36,3.0
20190625,64,58.59,CompetitorC,67.34,14.9
20190625,107,45.85,CompetitorA,50.65,10.5
20190625,107,45.85,CompetitorB,47.83,4.3
20190625,107,45.85,CompetitorC,46.65,1.7
20190625,67,37.97,CompetitorA,33.96,-10.6
20190625,67,37.97,CompetitorB,39.69,4.5
20190625,67,37.97,CompetitorC,30.92,-18.6
20190625,8,56.61,CompetitorA,47.47,-16.1
20190625,8,56.61,CompetitorB,55.29,-2.3
20190625,8,56.61,CompetitorC,59.29,4.7
20190625,153,81.33,CompetitorA,84.83,4.3
20190625,153,81.33,CompetitorB,81.69,0.4
20190625,153,81.33,CompetitorC,89.12,9.6
20190625,7,61.43,CompetitorA,69.29,12.8
20190625,7,61.43,CompetitorB,58.45,-4.9
20190625,7,61.43,CompetitorC,70.28,14.4
20190625,110,67.39,CompetitorA,61.39,-8.9
20190625,110,67.39,CompetitorB,66.71,-1.0
20190625,110,67.39,CompetitorC,59.08,-12.3
20190625,155,41.49,CompetitorA,44.08,6.2
20190625,155,41.49,CompetitorB,41.06,-1.0
20190625,155,41.49,CompetitorC,43.57,5.0
20190625,52,37.7,CompetitorA,40.2,6.6
20190625,52,37.7,CompetitorB,34.64,-8.1
20190625,52,37.7,CompetitorC,39.28,4.2
20190625,39,41.46,CompetitorA,46.85,13.0
20190625,39,41.46,CompetitorB,37.23,-10.2
20190625,39,41.46,CompetitorC,39.23,-5.4
20190912,7,61.43,CompetitorA,50.66,-17.5
20190912,7,61.43,CompetitorB,67.42,9.8
20190912,7,61.43,CompetitorC,54.4,-11.4
20190912,155,41.49,CompetitorA,34.78,-16.2
20190912,155,41.49,CompetitorB,46.67,12.5
20190912,155,41.49,CompetitorC,42.46,2.3
20190912,46,47.84,CompetitorA,43.93,-8.2
20190912,46,47.84,CompetitorB,54.92,14.8
20190912,46,47.84,CompetitorC,48.22,0.8
20190912,153,81.33,CompetitorA,78.88,-3.0
20190912,153,81.33,CompetitorB,86.22,6.0
20190912,153,81.33,CompetitorC,90.09,10.8
20190912,67,37.97,CompetitorA,42.17,11.1
20190912,67,37.97,CompetitorB,37.54,-1.1
20190912,67,37.97,CompetitorC,38.47,1.3
20190912,57,67.16,CompetitorA,76.17,13.4
20190912,57,67.16,CompetitorB,75.84,12.9
20190912,57,67.16,CompetitorC,56.4,-16.0
20190912,83,57.47,CompetitorA,60.34,5.0
20190912,83,57.47,CompetitorB,59.85,4.1
20190912,83,57.47,CompetitorC,48.12,-16.3
20190912,52,37.7,CompetitorA,39.55,4.9
20190912,52,37.7,CompetitorB,39.06,3.6
20190912,52,37.7,CompetitorC,30.73,-18.5
20190912,76,40.06,CompetitorA,37.83,-5.6
20190912,76,40.06,CompetitorB,45.45,13.5
20190912,76,40.06,CompetitorC,36.49,-8.9
20190912,6,59.88,CompetitorA,65.72,9.8
20190912,6,59.88,CompetitorB,64.33,7.4
20190912,6,59.88,CompetitorC,53.14,-11.3
20190912,39,41.46,CompetitorA,43.92,5.9
20190912,39,41.46,CompetitorB,34.6,-16.5
20190912,39,41.46,CompetitorC,43.41,4.7
20190912,1,53.14,CompetitorA,58.66,10.4
20190912,1,53.14,CompetitorB,60.02,12.9
20190912,1,53.14,CompetitorC,51.76,-2.6
20190912,148,32.44,CompetitorA,36.31,11.9
20190912,148,32.44,CompetitorB,33.19,2.3
20190912,148,32.44,CompetitorC,34.08,5.1
20190912,64,58.59,CompetitorA,57.96,-1.1
20190912,64,58.59,CompetitorB,47.24,-19.4
20190912,64,58.59,CompetitorC,60.66,3.5
20190912,111,55.68,CompetitorA,54.43,-2.2
20190912,111,55.68,CompetitorB,60.82,9.2
20190912,111,55.68,CompetitorC,62.86,12.9
20190912,149,30.48,CompetitorA,25.73,-15.6
20190912,149,30.48,CompetitorB,28.76,-5.6
20190912,149,30.48,CompetitorC,29.05,-4.7
20190912,8,56.61,CompetitorA,63.43,12.0
20190912,8,56.61,CompetitorB,45.43,-19.7
20190912,8,56.61,CompetitorC,63.06,11.4
20190912,107,45.85,CompetitorA,40.92,-10.8
20190912,107,45.85,CompetitorB,43.89,-4.3
20190912,107,45.85,CompetitorC,41.74,-9.0
20190912,110,67.39,CompetitorA,65.16,-3.3
20190912,110,67.39,CompetitorB,74.84,11.1
20190912,110,67.39,CompetitorC,77.21,14.6
20190912,154,50.12,CompetitorA,45.36,-9.5
20190912,154,50.12,CompetitorB,44.38,-11.5
20190912,154,50.12,CompetitorC,54.82,9.4
