markdown_date,store_id,sku,category,original_price,markdown_price,discount_pct,base_quantity_sold,markdown_quantity_sold,quantity_uplift_pct,markdown_duration_days,unit_cost,base_margin_dollars,markdown_margin_dollars
20200803,1459,64,Category 01,55.87,41.57,25.6,17,22,30.7,47,32.22,402,205
20201201,1392,148,Category 03,34.74,21.72,37.5,63,91,45.0,33,19.46,962,205
20200419,1587,6,Category 06,58.66,39.34,32.9,29,43,49.4,42,32.93,746,275
20200303,1311,155,Category 01,42.34,31.95,24.5,28,36,29.4,49,22.82,546,328
20200906,1710,7,Category 06,64.01,41.84,34.6,62,94,52.0,47,33.79,1873,756
20200729,485,64,Category 01,63.99,54.26,15.2,66,78,18.2,42,32.22,2096,1719
20200522,1616,83,Category 05,58.5,47.37,19.0,76,97,28.5,49,31.61,2043,1528
20200502,209,39,Category 06,39.51,25.08,37.3,65,100,54.8,38,22.8,1086,227
20200402,1259,39,Category 06,39.46,25.75,34.7,66,100,52.1,20,22.8,1099,294
20201216,1013,148,Category 03,32.68,26.29,19.6,73,90,23.5,26,19.46,965,614
20200922,1013,1,Category 07,54.34,48.48,10.8,26,30,16.2,14,29.23,652,577
20200730,303,6,Category 06,62.78,42.02,33.1,69,103,49.6,29,32.93,2059,936
20200307,721,83,Category 05,60.0,40.97,31.7,39,57,47.6,21,31.61,1107,533
20200611,1830,67,Category 05,38.42,32.05,16.6,71,88,24.9,45,20.88,1245,982
20200413,978,7,Category 06,63.13,45.34,28.2,63,89,42.3,15,33.79,1848,1027
20200331,1164,83,Category 05,61.7,41.01,33.5,55,82,50.3,42,31.61,1654,770
20201107,614,7,Category 06,63.36,38.62,39.0,36,57,58.6,41,33.79,1064,275
20200106,603,46,Category 04,51.07,41.22,19.3,68,87,28.9,35,24.88,1780,1421
20200418,1763,76,Category 05,38.36,27.38,28.6,21,30,42.9,55,22.03,342,160
20200526,639,154,Category 01,52.68,34.75,34.0,50,70,40.8,37,27.57,1255,502
20200610,232,154,Category 01,50.44,39.91,20.9,60,75,25.1,30,27.57,1372,925
20200731,1161,8,Category 05,55.92,42.86,23.4,27,36,35.0,47,31.14,669,421
20200512,334,111,Category 04,56.26,43.8,22.1,26,34,33.2,48,28.95,710,504
20200412,98,64,Category 01,59.31,36.23,38.9,52,76,46.7,16,32.22,1408,304
20200324,871,46,Category 04,51.64,31.41,39.2,62,98,58.8,26,24.88,1659,639
20201013,1020,57,Category 04,66.85,49.14,26.5,53,74,39.7,51,34.92,1692,1052
20201206,1710,57,Category 04,67.76,46.74,31.0,37,54,46.5,34,34.92,1215,638
20201120,1393,110,Category 02,72.46,52.19,28.0,35,49,42.0,28,33.7,1356,906
20201228,1858,154,Category 01,52.41,39.45,24.7,58,75,29.7,37,27.57,1440,891
20200810,1937,2,Category 01,29.6,25.6,13.5,37,42,16.2,25,15.99,503,403
20201220,567,67,Category 05,41.03,27.88,32.0,37,54,48.1,40,20.88,745,378
20200224,1327,67,Category 05,41.22,25.72,37.6,77,120,56.4,20,20.88,1566,580
20201031,1858,83,Category 05,61.45,49.95,18.7,78,99,28.1,31,31.61,2327,1815
20201228,1302,148,Category 03,32.4,28.74,11.3,75,85,13.6,23,19.46,970,788
20200709,1830,83,Category 05,60.68,54.5,10.2,57,65,15.3,21,31.61,1656,1487
20200303,1164,52,Category 06,38.92,27.84,28.5,45,64,42.7,51,20.74,818,454
20200603,371,57,Category 04,69.91,45.76,34.5,39,59,51.8,46,34.92,1364,639
20200814,531,83,Category 05,59.18,43.73,26.1,46,64,39.2,32,31.61,1268,775
20200420,485,8,Category 05,55.12,42.12,23.6,22,29,35.4,23,31.14,527,318
20201207,614,57,Category 04,73.06,61.26,16.1,70,86,24.2,47,34.92,2669,2265
20200422,614,153,Category 02,88.24,77.59,12.1,27,31,18.1,31,40.66,1284,1144
20201212,98,76,Category 05,42.61,28.31,33.6,38,57,50.3,38,22.03,782,357
20200420,373,57,Category 04,64.51,52.74,18.2,35,44,27.4,50,34.92,1035,784
20200509,1425,155,Category 01,40.9,29.43,28.0,15,20,33.7,23,22.82,271,132
20200430,1393,107,Category 10,50.4,37.77,25.1,27,37,37.6,19,25.22,679,464
20201108,1459,39,Category 06,44.65,29.14,34.7,21,31,52.1,39,22.8,458,196
20201210,381,39,Category 06,42.54,26.61,37.4,47,73,56.2,19,22.8,927,278
20200610,1160,111,Category 04,60.02,39.53,34.1,18,27,51.2,53,28.95,559,285
20201007,1616,107,Category 10,45.47,31.29,31.2,34,49,46.8,33,25.22,688,297
20200418,381,148,Category 03,31.92,27.98,12.3,75,86,14.8,20,19.46,934,732
20200429,875,46,Category 04,51.16,37.04,27.6,70,98,41.4,35,24.88,1839,1191
20200602,1425,2,Category 01,28.95,20.78,28.2,29,38,33.9,33,15.99,375,182
20201101,1537,57,Category 04,64.49,53.12,17.6,65,82,26.4,19,34.92,1922,1492
20200112,1540,6,Category 06,60.61,42.31,30.2,77,111,45.3,27,32.93,2131,1041
20200217,98,67,Category 05,41.44,34.42,16.9,53,66,25.4,22,20.88,1089,893
20200423,579,1,Category 07,51.54,42.48,17.6,72,90,26.4,18,29.23,1606,1192
20200311,1302,2,Category 01,29.17,23.34,20.0,64,79,24.0,33,15.99,843,580
20201224,303,111,Category 04,59.31,41.36,30.3,72,104,45.4,37,28.95,2185,1290
20200209,614,57,Category 04,64.84,40.08,38.2,45,70,57.3,37,34.92,1346,361
20201228,1625,3,Category 01,40.25,24.75,38.5,66,96,46.2,36,22.1,1197,254
20200306,1425,8,Category 05,58.24,41.57,28.6,32,45,42.9,47,31.14,867,469
20201214,1160,110,Category 02,69.51,45.25,34.9,69,105,52.4,33,33.7,2470,1212
20200713,639,39,Category 06,41.61,28.39,31.8,47,69,47.7,32,22.8,884,385
20200827,1712,149,Category 03,29.24,20.12,32.1,49,67,37.4,31,18.29,536,122
20200701,1625,83,Category 05,56.05,49.49,11.7,66,77,17.6,25,31.61,1613,1376
20200524,1232,8,Category 05,59.46,43.64,26.6,19,26,39.9,33,31.14,538,325
20200324,1634,46,Category 04,52.32,34.24,34.6,42,63,51.8,23,24.88,1152,589
20200619,206,46,Category 04,45.55,33.94,25.5,51,70,38.2,35,24.88,1054,634
20200107,1392,7,Category 06,61.08,42.72,30.1,21,30,45.1,16,33.79,573,267
20200720,273,46,Category 04,46.53,29.34,36.9,75,116,55.4,27,24.88,1623,517
20200216,1452,64,Category 01,56.27,35.74,36.5,26,37,43.8,51,32.22,625,130
20200410,531,111,Category 04,53.12,44.88,15.5,54,66,23.3,18,28.95,1305,1051
20200703,1741,153,Category 02,84.15,70.61,16.1,42,52,24.1,17,40.66,1826,1557
20201031,1259,76,Category 05,42.99,38.08,11.4,51,59,17.1,36,22.03,1068,946
20200620,1393,3,Category 01,43.14,32.57,24.5,29,37,29.4,39,22.1,610,387
20200729,1329,39,Category 06,42.07,25.49,39.4,60,95,59.1,45,22.8,1156,255
20201106,1283,107,Category 10,48.06,30.66,36.2,40,61,54.3,19,25.22,913,331
20201005,1160,52,Category 06,38.63,29.41,23.9,42,57,35.8,22,20.74,751,494
20201224,171,6,Category 06,63.49,54.1,14.8,76,92,22.2,23,32.93,2322,1947
20201205,1208,6,Category 06,63.33,39.73,37.3,58,90,55.9,52,32.93,1763,611
20200227,865,83,Category 05,56.34,35.67,36.7,74,114,55.0,44,31.61,1830,462
20201224,303,57,Category 04,71.09,51.27,27.9,37,52,41.8,18,34.92,1338,850
20200718,273,6,Category 06,57.97,38.98,32.8,19,28,49.1,20,32.93,475,169
20200308,999,148,Category 03,30.91,21.41,32.6,70,95,36.9,37,19.46,801,185
20200513,1634,110,Category 02,66.66,40.99,38.5,30,47,57.8,50,33.7,988,342
20201001,1556,111,Category 04,60.15,44.11,26.7,60,84,40.0,37,28.95,1872,1273
20200216,178,155,Category 01,45.48,33.84,25.6,53,69,30.7,37,22.82,1200,760
20201012,1712,6,Category 06,59.7,46.24,22.5,23,30,33.8,26,32.93,615,399
20200102,1634,6,Category 06,65.24,53.38,18.2,33,41,27.3,28,32.93,1066,838
20200718,1712,39,Category 06,45.42,28.51,37.2,31,48,55.8,25,22.8,701,274
20200124,531,2,Category 01,29.24,26.05,10.9,48,54,13.1,16,15.99,635,543
20200711,1393,111,Category 04,56.23,40.87,27.3,75,105,41.0,33,28.95,2045,1251
20200222,1712,57,Category 04,66.48,59.44,10.6,33,38,15.9,15,34.92,1041,931
20200904,273,1,Category 07,50.87,35.14,30.9,21,30,46.4,51,29.23,454,177
20200626,1328,46,Category 04,47.85,39.32,17.8,44,55,26.7,31,24.88,1010,794
20200904,875,2,Category 01,30.87,22.89,25.9,46,60,31.0,37,15.99,684,414
20201227,381,154,Category 01,51.47,41.57,19.2,53,65,23.1,19,27.57,1266,910
20200831,545,6,Category 06,61.82,39.75,35.7,42,64,53.6,51,32.93,1213,436
20200526,1843,57,Category 04,71.14,57.85,18.7,58,74,28.0,45,34.92,2100,1696
20201101,930,153,Category 02,81.16,61.31,24.5,78,106,36.7,28,40.66,3159,2188
20200315,1936,64,Category 01,57.77,45.35,21.5,72,90,25.8,15,32.22,1839,1181
20201027,377,39,Category 06,42.8,32.54,24.0,21,28,36.0,16,22.8,419,272
20200705,721,155,Category 01,42.94,32.12,25.2,57,74,30.2,55,22.82,1146,688
20200719,1822,52,Category 06,38.68,30.63,20.8,48,62,31.2,25,20.74,861,613
20201011,1634,107,Category 10,45.13,34.7,23.1,17,22,34.7,26,25.22,338,208
20200110,999,76,Category 05,41.47,34.89,15.9,24,29,23.8,39,22.03,466,372
20200826,1540,155,Category 01,40.19,33.72,16.1,36,42,19.3,54,22.82,625,457
20200706,1232,67,Category 05,37.67,31.46,16.5,33,41,24.7,23,20.88,554,433
20201214,600,83,Category 05,58.14,41.21,29.1,48,68,43.7,53,31.61,1273,652
20200303,1843,155,Category 01,40.14,27.13,32.4,36,50,38.9,33,22.82,623,215
20200331,1459,83,Category 05,62.16,38.24,38.5,64,100,57.7,26,31.61,1955,663
20201029,273,39,Category 06,40.69,28.35,30.3,72,104,45.5,18,22.8,1288,577
20200829,579,8,Category 05,55.68,40.7,26.9,58,81,40.4,20,31.14,1423,774
20201014,871,111,Category 04,55.88,41.13,26.4,26,36,39.6,41,28.95,700,438
20200603,904,1,Category 07,58.4,49.28,15.6,44,54,23.4,33,29.23,1283,1082
20200523,274,6,Category 06,59.58,53.53,10.2,30,34,15.2,22,32.93,799,700
20200823,249,39,Category 06,43.81,35.0,20.1,29,37,30.2,34,22.8,609,451
20201130,337,67,Category 05,38.43,24.53,36.2,21,32,54.3,53,20.88,368,116
20200309,1013,57,Category 04,69.41,49.06,29.3,36,51,44.0,19,34.92,1241,721
20201124,1925,6,Category 06,64.17,40.44,37.0,29,45,55.5,47,32.93,905,337
20201106,1283,111,Category 04,59.14,41.6,29.7,49,70,44.5,28,28.95,1479,885
20200904,1354,111,Category 04,55.18,47.75,13.5,49,58,20.2,50,28.95,1285,1090
20200728,1302,57,Category 04,72.49,60.41,16.7,77,96,25.0,30,34.92,2892,2447
20201120,210,76,Category 05,42.53,27.34,35.7,66,101,53.6,46,22.03,1353,536
20201012,579,2,Category 01,27.98,18.83,32.7,32,44,39.2,34,15.99,383,124
20200615,381,64,Category 01,57.98,46.0,20.7,60,74,24.8,16,32.22,1545,1019
20200616,1160,67,Category 05,40.42,30.68,24.1,70,95,36.1,53,20.88,1367,931
20200526,1392,110,Category 02,73.04,47.72,34.7,63,95,52.0,31,33.7,2478,1331
20201119,978,149,Category 03,33.52,24.19,27.8,78,104,33.4,47,18.29,1187,613
20200704,373,8,Category 05,57.33,39.46,31.2,36,52,46.8,37,31.14,942,432
20200804,1838,1,Category 07,52.71,32.15,39.9,35,55,58.5,31,29.23,821,160
20200703,978,149,Category 03,33.07,29.5,10.8,39,44,13.0,23,18.29,576,493
20200915,574,153,Category 02,77.86,57.33,26.4,26,36,39.6,27,40.66,967,600
20200810,721,67,Category 05,39.98,24.45,38.8,54,85,58.3,17,20.88,1031,303
20200604,1068,57,Category 04,71.41,64.2,10.1,35,40,15.1,28,34.92,1277,1171
20200605,1616,3,Category 01,38.5,30.93,19.7,59,72,23.6,20,22.1,967,635
20200115,1741,57,Category 04,67.25,50.81,24.4,29,39,36.7,32,34.92,937,619
20200501,1068,7,Category 06,66.79,47.89,28.3,41,58,42.4,48,33.79,1353,817
20201027,999,2,Category 01,30.38,19.34,36.3,48,68,43.6,37,15.99,690,227
20200828,1311,76,Category 05,40.9,34.14,16.5,40,49,24.8,19,22.03,754,593
20200908,1459,6,Category 06,62.77,43.16,31.2,72,105,46.9,52,32.93,2148,1074
20200109,171,46,Category 04,47.6,28.91,39.3,39,61,58.9,30,24.88,886,245
20200803,1556,6,Category 06,63.6,51.88,18.4,50,63,27.6,34,32.93,1533,1193
20200403,1741,107,Category 10,49.96,40.95,18.0,31,39,27.1,18,25.22,766,613
20200525,1232,52,Category 06,40.39,27.47,32.0,27,39,48.0,29,20.74,530,262
20201213,1232,1,Category 07,52.65,33.69,36.0,24,36,54.0,22,29.23,562,160
20201118,614,46,Category 04,46.64,31.42,32.6,58,86,48.9,32,24.88,1262,562
20200820,1311,7,Category 06,64.9,52.67,18.8,70,89,28.3,15,33.79,2177,1680
20201011,633,83,Category 05,56.69,37.8,33.3,29,43,50.0,52,31.61,727,266
20201225,1302,148,Category 03,33.42,25.12,24.8,22,28,29.8,16,19.46,307,158
20201021,1094,6,Category 06,65.72,52.96,19.4,48,61,29.1,40,32.93,1573,1221
20200511,1392,57,Category 04,64.67,51.73,20.0,69,89,30.0,20,34.92,2052,1496
20200207,978,3,Category 01,44.01,28.94,34.2,23,32,41.1,44,22.1,503,218
20200821,1822,2,Category 01,28.51,21.28,25.4,74,96,30.4,42,15.99,926,507
20200118,574,6,Category 06,57.0,40.36,29.2,28,40,43.8,25,32.93,673,297
20200603,373,153,Category 02,82.98,57.51,30.7,22,32,46.0,39,40.66,931,539
20201202,371,67,Category 05,38.85,33.69,13.3,74,88,19.9,47,20.88,1329,1127
20200116,1587,153,Category 02,79.05,62.59,20.8,31,40,31.2,35,40.66,1190,877
20200208,625,7,Category 06,64.71,54.92,15.1,49,60,22.7,28,33.79,1515,1267
20200930,1164,107,Category 10,49.7,39.65,20.2,17,22,30.3,23,25.22,416,317
20200218,1182,153,Category 02,84.11,53.08,36.9,28,43,55.3,18,40.66,1216,534
20201125,206,149,Category 03,33.32,23.26,30.2,32,43,36.2,46,18.29,480,213
20200205,371,155,Category 01,41.21,25.47,38.2,32,46,45.8,38,22.82,588,121
20201110,232,107,Category 10,43.64,34.72,20.4,33,43,30.7,41,25.22,607,408
20200307,206,46,Category 04,46.93,32.07,31.7,74,109,47.5,25,24.88,1631,783
20200811,1556,8,Category 05,57.31,39.43,31.2,64,93,46.8,25,31.14,1674,770
20200719,1587,2,Category 01,29.71,21.24,28.5,49,65,34.2,25,15.99,672,341
20200104,249,1,Category 07,52.93,38.51,27.3,46,64,40.9,38,29.23,1090,593
20201010,371,154,Category 01,51.94,36.35,30.0,58,78,36.0,54,27.57,1413,684
20200102,373,39,Category 06,41.21,36.13,12.3,40,47,18.5,15,22.8,736,626
20200109,397,67,Category 05,36.94,22.97,38.4,22,34,56.7,43,20.88,353,71
20200209,485,2,Category 01,31.84,26.15,17.9,72,87,21.4,54,15.99,1141,883
20200724,1634,57,Category 04,70.73,44.43,37.2,31,48,55.8,53,34.92,1110,456
20200723,865,39,Category 06,45.37,34.53,23.9,60,81,35.8,18,22.8,1354,950
20200422,98,1,Category 07,57.93,48.89,15.6,65,80,23.4,40,29.23,1865,1572
20200201,1646,148,Category 03,32.36,21.41,38.6,49,68,40.6,41,19.46,632,132
20200531,1354,64,Category 01,61.88,44.65,27.8,26,34,33.4,29,32.22,771,422
20200324,1302,110,Category 02,69.88,50.19,28.2,69,98,42.3,33,33.7,2496,1616
20200131,337,6,Category 06,63.03,47.6,24.5,34,46,36.7,52,32.93,1023,674
20200417,614,3,Category 01,40.05,24.99,37.6,51,74,45.1,34,22.1,915,213
20200814,930,67,Category 05,38.3,26.11,31.8,42,62,47.7,46,20.88,731,324
20200422,1857,111,Category 04,58.99,44.26,25.0,21,28,37.5,29,28.95,630,428
20201116,1329,57,Category 04,70.83,46.67,34.1,15,22,51.2,41,34.92,538,258
20200810,579,46,Category 04,50.29,42.57,15.4,39,47,23.0,55,24.88,990,831
20201215,1712,154,Category 01,52.37,41.98,19.8,23,28,23.8,38,27.57,570,403
20200409,425,39,Category 06,43.95,36.1,17.9,63,79,26.8,29,22.8,1332,1050
20200107,1712,1,Category 07,56.93,47.11,17.2,30,37,25.9,38,29.23,831,661
20200712,337,111,Category 04,55.12,45.42,17.6,72,91,26.4,17,28.95,1884,1498
20200825,98,149,Category 03,31.34,22.19,29.2,52,70,35.0,36,18.29,678,273
20200621,337,148,Category 03,32.77,21.41,38.5,42,59,41.6,24,19.46,559,115
20200915,1232,57,Category 04,68.89,51.61,25.1,62,85,37.6,40,34.92,2106,1418
20200301,639,64,Category 01,60.25,41.58,31.0,23,31,37.2,20,32.22,644,290
20200718,865,6,Category 06,64.18,53.85,16.1,18,22,24.1,16,32.93,562,460
20200621,485,1,Category 07,54.99,40.98,25.5,61,84,38.2,15,29.23,1571,986
20201208,1843,39,Category 06,41.18,32.17,21.9,62,82,32.8,49,22.8,1139,768
20200710,600,57,Category 04,73.49,49.77,32.3,39,57,48.4,18,34.92,1504,846
20201128,303,155,Category 01,40.53,33.39,17.6,41,49,21.1,21,22.82,726,517
20200707,1283,154,Category 01,54.65,47.89,12.4,59,67,14.8,20,27.57,1597,1361
20200526,1182,39,Category 06,42.65,25.97,39.1,38,60,58.7,35,22.8,754,190
20200321,1164,57,Category 04,68.41,44.03,35.6,59,90,53.5,54,34.92,1975,819
20200607,614,3,Category 01,41.27,36.99,10.4,56,62,12.4,20,22.1,1073,923
20200501,1101,154,Category 01,49.55,41.9,15.4,23,27,18.5,50,27.57,505,386
20200425,1020,107,Category 10,46.31,39.5,14.7,70,85,22.1,16,25.22,1476,1213
20201026,1838,8,Category 05,61.05,49.73,18.5,48,61,27.8,54,31.14,1435,1133
20201115,210,2,Category 01,31.84,22.1,30.6,69,94,36.7,30,15.99,1093,574
20201120,397,83,Category 05,59.5,46.86,21.2,29,38,31.9,15,31.61,808,579
20200119,206,111,Category 04,59.52,52.31,12.1,52,61,18.2,35,28.95,1589,1424
20200923,486,2,Category 01,29.57,20.2,31.7,19,26,38.0,46,15.99,258,109
20201104,1540,154,Category 01,51.77,38.66,25.3,29,37,30.4,49,27.57,701,410
20200125,1925,67,Category 05,39.67,26.27,33.8,29,43,50.7,29,20.88,544,231
20201229,1741,2,Category 01,30.17,26.77,11.3,19,21,13.5,52,15.99,269,226
20201005,485,155,Category 01,44.85,33.49,25.3,36,46,30.4,52,22.82,793,490
20200411,371,57,Category 04,68.58,45.8,33.2,63,94,49.8,23,34.92,2120,1022
20201208,485,154,Category 01,48.55,39.98,17.6,17,20,21.2,16,27.57,356,248
20200215,1311,154,Category 01,48.76,30.33,38.3,49,71,45.4,48,27.57,1038,195
20201007,1164,7,Category 06,61.94,44.41,28.3,58,82,42.5,45,33.79,1632,870
20201108,1510,110,Category 02,71.81,53.56,25.4,29,40,38.1,36,33.7,1105,794
20200815,1259,3,Category 01,40.81,26.28,35.6,38,54,42.7,31,22.1,710,225
20200227,545,110,Category 02,65.86,41.66,36.7,48,74,55.1,46,33.7,1543,589
20200409,625,155,Category 01,45.01,33.26,26.1,72,94,31.3,45,22.82,1597,981
20200811,1822,153,Category 02,89.35,79.81,10.7,40,46,16.0,27,40.66,1947,1800
20201219,1741,57,Category 04,72.02,49.67,31.0,40,58,46.5,16,34.92,1483,855
20201004,1354,76,Category 05,38.59,33.58,13.0,22,26,19.5,17,22.03,364,300
20200515,999,83,Category 05,59.69,42.95,28.1,69,98,42.1,42,31.61,1937,1111
20201203,1393,83,Category 05,63.13,46.46,26.4,18,25,39.6,55,31.61,567,371
20200806,531,76,Category 05,42.62,30.37,28.7,26,37,43.1,27,22.03,535,308
20200117,249,76,Category 05,43.27,28.69,33.7,62,93,50.5,32,22.03,1316,619
20201122,603,83,Category 05,58.58,44.1,24.7,55,75,37.1,25,31.61,1483,936
20201123,625,8,Category 05,56.94,36.71,35.5,46,70,53.3,21,31.14,1186,389
20200325,273,67,Category 05,37.82,24.11,36.3,18,27,54.4,54,20.88,304,87
20201107,679,64,Category 01,61.36,43.84,28.6,42,56,34.3,42,32.22,1223,650
20200727,1712,8,Category 05,59.91,51.82,13.5,16,19,20.3,33,31.14,460,392
20201229,98,76,Category 05,41.3,28.68,30.6,43,62,45.8,47,22.03,828,412
20201103,171,3,Category 01,43.29,34.87,19.5,58,71,23.3,39,22.1,1229,906
20200325,1302,67,Category 05,38.21,28.29,26.0,38,52,38.9,54,20.88,658,385
20200415,63,76,Category 05,42.22,26.51,37.2,49,76,55.8,17,22.03,989,340
20201203,1925,83,Category 05,58.43,41.93,28.2,39,55,42.4,27,31.61,1045,567
20200620,377,64,Category 01,62.13,47.52,23.5,77,98,28.2,19,32.22,2303,1499
20200328,1712,1,Category 07,58.25,48.03,17.6,77,97,26.3,17,29.23,2234,1823
20201025,164,76,Category 05,38.36,33.19,13.5,39,46,20.2,29,22.03,636,513
20200118,1208,149,Category 03,29.55,25.07,15.2,49,57,18.2,42,18.29,551,386
20201203,1027,2,Category 01,28.15,20.25,28.1,41,54,33.7,54,15.99,498,230
20200114,1302,154,Category 01,55.04,41.13,25.3,24,31,30.3,54,27.57,659,420
20200310,63,154,Category 01,54.08,35.05,35.2,71,100,42.2,16,27.57,1882,747
20200917,485,76,Category 05,40.08,34.15,14.8,35,42,22.2,33,22.03,631,509
20200412,1302,67,Category 05,38.76,25.84,33.3,67,100,50.0,14,20.88,1197,496
20200421,1302,67,Category 05,36.6,27.22,25.6,78,107,38.4,41,20.88,1226,678
20200121,486,154,Category 01,49.79,34.32,31.1,25,34,37.3,38,27.57,555,229
20200903,1625,6,Category 06,63.2,40.35,36.2,52,80,54.2,47,32.93,1574,593
20201026,1160,107,Category 10,48.35,40.84,15.5,48,59,23.3,47,25.22,1110,921
20200925,1830,76,Category 05,40.78,29.5,27.7,62,87,41.5,33,22.03,1162,649
20201016,485,57,Category 04,68.25,43.06,36.9,65,100,55.4,30,34.92,2166,814
20200709,1838,46,Category 04,50.17,40.55,19.2,17,21,28.8,25,24.88,429,329
20200424,1510,111,Category 04,55.94,46.05,17.7,23,29,26.5,49,28.95,620,495
20200616,274,52,Category 06,36.73,27.29,25.7,38,52,38.6,36,20.74,607,340
20200708,249,76,Category 05,42.32,33.82,20.1,66,85,30.1,49,22.03,1339,1002
20200811,1763,155,Category 01,43.28,31.9,26.3,31,40,31.6,14,22.82,634,363
20201118,625,149,Category 03,29.46,21.72,26.3,56,73,31.5,49,18.29,625,250
20200127,1068,155,Category 01,42.24,27.6,34.7,19,26,41.6,35,22.82,368,124
20201208,381,52,Category 06,38.69,26.0,32.8,33,49,49.2,29,20.74,592,257
20200627,679,57,Category 04,73.46,51.48,29.9,26,37,44.9,27,34.92,1002,612
20201017,1510,155,Category 01,42.83,28.92,32.5,25,34,39.0,52,22.82,500,207
20200423,377,76,Category 05,42.52,31.22,26.6,61,85,39.9,18,22.03,1249,781
20200405,337,3,Category 01,38.85,29.46,24.2,62,79,29.0,27,22.1,1038,581
20201116,1232,7,Category 06,58.42,41.7,28.6,45,64,42.9,34,33.79,1108,506
20200616,1587,46,Category 04,48.09,42.51,11.6,30,35,17.4,45,24.88,696,617
20200714,1094,8,Category 05,54.11,39.77,26.5,52,72,39.8,44,31.14,1194,621
20200408,249,110,Category 02,64.27,39.79,38.1,78,122,57.1,43,33.7,2384,742
20200718,1094,148,Category 03,31.16,27.45,11.9,22,25,14.3,41,19.46,257,199
20201018,567,154,Category 01,50.14,44.42,11.4,63,71,13.7,26,27.57,1421,1196
20200406,904,67,Category 05,40.71,29.34,27.9,63,89,41.9,46,20.88,1249,752
20201117,665,39,Category 06,44.07,34.25,22.3,28,37,33.4,42,22.8,595,423
20200723,999,46,Category 04,45.58,29.37,35.6,70,107,53.3,43,24.88,1449,480
20200306,904,149,Category 03,31.71,27.03,14.8,29,34,17.7,53,18.29,389,297
20201205,1857,3,Category 01,38.56,33.0,14.4,59,69,17.3,26,22.1,971,752
20201112,1646,1,Category 07,57.7,36.45,36.8,66,102,55.2,53,29.23,1879,736
20200119,1537,148,Category 03,32.15,21.94,31.7,33,45,38.1,41,19.46,418,111
20200131,1710,7,Category 06,62.87,52.89,15.9,42,52,23.8,26,33.79,1221,993
20201209,373,52,Category 06,40.35,31.39,22.2,47,62,33.3,29,20.74,921,660
20200824,1710,67,Category 05,38.62,31.26,19.1,63,81,28.6,29,20.88,1117,840
20200328,1328,52,Category 06,36.67,29.63,19.2,70,90,28.8,29,20.74,1115,800
20201008,579,3,Category 01,39.91,30.38,23.9,72,92,28.7,30,22.1,1282,761
20200212,721,154,Category 01,50.09,33.31,33.5,35,49,40.2,31,27.57,788,281
20200805,206,1,Category 07,51.91,39.55,23.8,70,95,35.7,31,29.23,1587,980
20200310,679,110,Category 02,67.84,46.36,31.7,54,79,47.5,41,33.7,1843,1000
20200107,339,46,Category 04,50.27,40.78,18.9,41,52,28.3,22,24.88,1040,826
20200314,1020,83,Category 05,60.92,38.99,36.0,30,46,54.0,45,31.61,879,339
20200226,1161,148,Category 03,34.49,30.86,10.5,40,45,12.6,28,19.46,601,512
20200106,508,7,Category 06,64.75,58.24,10.1,63,72,15.1,42,33.79,1950,1760
20200126,574,1,Category 07,53.72,44.7,16.8,53,66,25.2,29,29.23,1297,1021
20200504,1937,52,Category 06,41.02,36.6,10.8,66,76,16.2,42,20.74,1338,1205
20201002,1182,153,Category 02,79.81,56.66,29.0,23,33,43.5,19,40.66,900,528
20200531,1625,76,Category 05,40.63,35.43,12.8,37,44,19.2,35,22.03,688,589
20200920,1452,39,Category 06,42.77,36.25,15.2,34,41,22.9,22,22.8,678,551
20200130,875,107,Category 10,49.82,39.39,20.9,31,40,31.4,37,25.22,762,566
20200106,1625,39,Category 06,41.41,35.59,14.1,29,35,21.1,15,22.8,539,447
20200618,178,7,Category 06,63.73,45.08,29.3,60,86,43.9,27,33.79,1796,970
20200503,1020,153,Category 02,79.84,60.42,24.3,15,20,36.5,27,40.66,587,395
20200222,574,83,Category 05,60.32,41.77,30.8,58,84,46.1,48,31.61,1665,853
20200610,904,153,Category 02,85.74,60.21,29.8,69,99,44.7,47,40.66,3110,1935
20200518,1311,2,Category 01,28.35,20.08,29.2,37,49,35.0,48,15.99,457,200
20200707,1328,67,Category 05,40.59,35.05,13.7,47,56,20.5,25,20.88,926,793
20200524,1858,52,Category 06,39.65,26.05,34.3,35,53,51.5,39,20.74,661,281
20200921,1936,46,Category 04,52.15,43.77,16.1,17,21,24.1,35,24.88,463,396
20200629,377,3,Category 01,39.98,28.6,28.5,46,61,34.2,55,22.1,822,396
20200909,1838,67,Category 05,41.22,34.67,15.9,50,61,23.8,54,20.88,1017,841
20200807,1936,155,Category 01,45.51,29.74,34.6,28,39,41.6,51,22.82,635,269
20200524,1027,3,Category 01,41.37,36.36,12.1,69,79,14.5,37,22.1,1329,1126
20201029,865,46,Category 04,45.54,33.87,25.6,72,99,38.4,44,24.88,1487,890
20201007,232,52,Category 06,39.35,24.56,37.6,48,75,56.4,31,20.74,893,286
20200115,1616,57,Category 04,70.51,58.89,16.5,73,91,24.7,43,34.92,2598,2181
20200629,1208,148,Category 03,32.85,21.41,38.0,44,62,41.8,52,19.46,589,120
20201204,1283,107,Category 10,47.16,40.4,14.3,41,49,21.5,25,25.22,899,743
20201008,1646,8,Category 05,58.46,48.54,17.0,30,37,25.5,30,31.14,819,643
20200119,1164,154,Category 01,49.02,39.54,19.3,35,43,23.2,41,27.57,750,514
20200428,875,64,Category 01,60.14,52.76,12.3,37,42,14.7,26,32.22,1033,862
20201224,1094,39,Category 06,40.91,25.08,39.7,58,91,58.0,53,22.8,1050,207
20200602,1510,111,Category 04,56.58,49.71,12.1,50,59,18.2,25,28.95,1381,1224
20201122,1160,148,Category 03,33.04,24.44,26.0,33,43,31.2,50,19.46,448,214
20201118,1068,64,Category 01,58.84,37.43,36.4,20,28,43.7,26,32.22,532,145
20201208,1830,76,Category 05,38.46,32.34,15.9,62,76,23.9,38,22.03,1018,783
20200701,1925,39,Category 06,40.44,28.32,30.0,39,56,45.0,43,22.8,687,309
20200309,1937,67,Category 05,37.6,23.4,37.8,63,98,56.6,31,20.88,1053,246
20200602,1094,111,Category 04,59.64,38.58,35.3,48,73,53.0,16,28.95,1473,702
20201001,665,7,Category 06,59.7,48.58,18.6,39,49,27.9,41,33.79,1010,724
20200516,1232,154,Category 01,50.2,42.96,14.4,25,29,17.3,46,27.57,565,446
20200301,337,39,Category 06,42.58,32.88,22.8,47,63,34.2,36,22.8,929,635
20201118,1208,52,Category 06,36.53,27.19,25.6,61,84,38.4,24,20.74,963,541
20200412,206,107,Category 10,45.55,29.3,35.7,70,107,53.5,16,25.22,1423,436
20201214,1232,8,Category 05,59.56,44.66,25.0,57,78,37.5,30,31.14,1619,1054
20200213,1838,67,Category 05,38.41,29.79,22.4,61,81,33.7,39,20.88,1069,721
20200213,1822,107,Category 10,46.08,30.63,33.5,17,25,50.3,24,25.22,354,135
20200731,397,6,Category 06,60.98,45.92,24.7,66,90,37.0,39,32.93,1851,1169
20200202,1283,39,Category 06,42.24,37.44,11.4,40,46,17.0,45,22.8,777,673
20200628,665,110,Category 02,71.81,45.37,36.8,18,27,55.2,37,33.7,685,315
20200328,1838,8,Category 05,54.36,48.03,11.7,73,85,17.5,44,31.14,1695,1435
20200208,1763,67,Category 05,37.66,29.01,23.0,44,59,34.5,44,20.88,738,479
20200619,1843,6,Category 06,61.68,42.33,31.4,77,113,47.1,16,32.93,2213,1062
20201027,625,64,Category 01,63.4,56.53,10.8,52,58,13.0,39,32.22,1621,1409
20200128,639,8,Category 05,56.89,39.67,30.3,71,103,45.4,42,31.14,1828,878
20201208,98,110,Category 02,65.73,58.05,11.7,36,42,17.5,52,33.7,1153,1022
20200715,1712,76,Category 05,42.73,29.29,31.5,45,66,47.2,36,22.03,931,479
20200102,1712,83,Category 05,59.75,52.26,12.5,60,71,18.8,40,31.61,1688,1466
20201129,1937,107,Category 10,44.61,31.38,29.6,64,92,44.5,45,25.22,1240,566
20200513,567,8,Category 05,60.36,38.65,36.0,34,52,54.0,43,31.14,993,390
20200301,1452,83,Category 05,54.94,42.34,22.9,21,28,34.4,52,31.61,489,300
20201129,1354,57,Category 04,64.35,50.33,21.8,24,31,32.7,16,34.92,706,477
20201105,206,64,Category 01,56.36,41.98,25.5,42,54,30.6,24,32.22,1013,527
20200805,1452,1,Category 07,56.93,36.24,36.3,18,27,54.5,52,29.23,498,189
20200326,1459,46,Category 04,52.41,40.11,23.5,25,33,35.2,27,24.88,688,502
20201016,625,64,Category 01,61.42,54.05,12.0,55,62,14.4,35,32.22,1606,1353
20200804,574,52,Category 06,37.28,29.77,20.1,21,27,30.2,39,20.74,347,243
20201124,1540,39,Category 06,42.01,27.03,35.6,78,119,53.5,15,22.8,1498,503
20200409,303,148,Category 03,35.61,28.91,18.8,21,25,22.6,53,19.46,339,236
20200813,1094,111,Category 04,58.69,40.19,31.5,72,106,47.3,32,28.95,2141,1191
20200726,164,149,Category 03,29.9,26.17,12.5,53,60,15.0,33,18.29,615,472
20201007,397,7,Category 06,61.4,38.43,37.4,28,43,56.1,33,33.79,773,199
20200423,1616,8,Category 05,56.57,48.23,14.7,49,59,22.1,50,31.14,1246,1008
20200913,574,155,Category 01,42.35,37.53,11.4,25,28,13.7,15,22.82,488,411
20201228,545,154,Category 01,53.35,32.59,38.9,42,61,46.7,43,27.57,1082,306
20200223,978,67,Category 05,36.47,25.67,29.6,65,93,44.4,14,20.88,1013,445
20200127,1858,2,Category 01,31.8,26.5,16.7,76,91,20.0,41,15.99,1201,956
20200623,98,107,Category 10,44.83,39.68,11.5,79,92,17.2,41,25.22,1549,1330
20200205,545,110,Category 02,72.12,44.34,38.5,21,33,57.8,36,33.7,806,351
20200505,1587,52,Category 06,37.1,27.01,27.2,63,88,40.8,46,20.74,1030,551
20200804,209,39,Category 06,41.52,36.69,11.6,61,71,17.4,30,22.8,1141,986
20201103,1013,64,Category 01,61.48,52.96,13.9,22,25,16.6,31,32.22,643,518
20200422,178,8,Category 05,57.97,41.83,27.8,69,97,41.8,37,31.14,1851,1036
20200129,178,67,Category 05,41.59,35.61,14.4,42,51,21.6,18,20.88,869,751
20200208,171,110,Category 02,65.06,48.44,25.5,57,78,38.3,47,33.7,1787,1149
20200905,334,110,Category 02,68.91,59.29,14.0,38,45,20.9,24,33.7,1337,1151
20200915,1160,155,Category 01,44.43,34.76,21.8,62,78,26.1,54,22.82,1339,931
20201015,338,67,Category 05,38.73,27.37,29.3,79,113,44.0,41,20.88,1410,733
20200410,1328,110,Category 02,67.13,56.75,15.5,60,73,23.2,22,33.7,2005,1682
20200825,337,39,Category 06,44.85,29.83,33.5,74,111,50.2,26,22.8,1631,780
20201208,875,7,Category 06,59.87,53.46,10.7,60,69,16.1,25,33.79,1564,1357
20200311,1510,39,Category 06,40.23,29.02,27.9,35,49,41.8,27,22.8,610,304
20200720,1020,111,Category 04,54.32,44.48,18.1,15,19,27.2,16,28.95,380,295
20200118,377,148,Category 03,35.54,24.9,29.9,17,23,35.9,14,19.46,273,125
20201228,978,57,Category 04,69.96,58.34,16.6,70,87,24.9,44,34.92,2452,2037
20200530,1094,52,Category 06,39.29,29.15,25.8,69,95,38.7,40,20.74,1279,798
20200329,339,39,Category 06,41.31,25.22,38.9,77,121,58.4,27,22.8,1425,292
20200220,871,3,Category 01,40.77,35.97,11.8,71,81,14.1,31,22.1,1325,1123
20201201,871,67,Category 05,40.59,30.42,25.1,24,33,37.6,54,20.88,473,314
20200506,1712,64,Category 01,57.45,46.27,19.5,26,32,23.4,31,32.22,655,449
20200530,371,149,Category 03,32.48,28.38,12.6,15,17,15.1,42,18.29,212,171
20200420,1020,83,Category 05,60.24,52.65,12.6,30,35,18.9,27,31.61,858,736
20201114,999,148,Category 03,32.53,28.63,12.0,33,37,14.4,31,19.46,431,339
20201202,1027,8,Category 05,61.86,49.35,20.2,48,62,30.3,20,31.14,1474,1129
20200724,1925,148,Category 03,35.29,27.14,23.1,42,53,27.7,37,19.46,664,407
20200322,1537,3,Category 01,38.63,34.52,10.6,29,32,12.8,38,22.1,479,397
20200518,171,67,Category 05,41.03,30.95,24.6,50,68,36.9,32,20.88,1007,684
20201102,1101,1,Category 07,58.04,50.45,13.1,65,77,19.6,46,29.23,1872,1633
20200706,273,154,Category 01,48.4,38.25,21.0,24,30,25.2,35,27.57,499,320
20200305,210,52,Category 06,38.72,34.34,11.3,49,57,17.0,47,20.74,881,775
20200807,249,64,Category 01,60.96,41.09,32.6,28,38,39.1,15,32.22,804,337
20201024,206,8,Category 05,61.09,45.21,26.0,23,31,39.0,26,31.14,688,436
20200106,871,7,Category 06,60.41,42.01,30.5,18,26,45.7,44,33.79,479,213
20200403,579,111,Category 04,60.51,45.4,25.0,72,98,37.5,50,28.95,2272,1612
20200617,485,83,Category 05,60.75,51.74,14.8,50,61,22.2,31,31.61,1457,1227
20200710,545,153,Category 02,82.79,55.94,32.4,30,44,48.6,55,40.66,1263,672
20200406,486,7,Category 06,60.63,42.82,29.4,45,64,44.1,42,33.79,1207,577
20200706,871,39,Category 06,45.08,37.87,16.0,55,68,24.0,25,22.8,1225,1024
20200208,1843,6,Category 06,63.33,47.66,24.7,39,53,37.1,54,32.93,1185,780
20200906,1540,1,Category 07,53.6,41.0,23.5,22,29,35.3,54,29.23,536,341
20201028,273,107,Category 10,45.62,28.12,38.4,17,26,57.5,33,25.22,346,75
20200103,1232,57,Category 04,71.25,58.08,18.5,36,45,27.7,21,34.92,1307,1042
20201204,865,3,Category 01,42.23,37.21,11.9,75,85,14.3,39,22.1,1509,1284
20200331,871,111,Category 04,53.6,32.59,39.2,34,53,58.8,32,28.95,838,192
20200704,485,111,Category 04,58.7,36.64,37.6,49,76,56.4,37,28.95,1457,584
20201108,164,57,Category 04,73.07,52.71,27.9,44,62,41.8,28,34.92,1678,1102
20200222,999,7,Category 06,65.67,41.46,36.9,28,43,55.3,18,33.79,892,329
20200809,381,111,Category 04,56.17,35.16,37.4,31,48,56.1,48,28.95,843,298
20200319,625,67,Category 05,37.6,24.75,34.2,43,65,51.3,17,20.88,718,251
20200811,337,148,Category 03,31.96,22.62,29.2,76,102,35.1,24,19.46,950,322
20201123,904,83,Category 05,61.77,37.98,38.5,70,110,57.8,48,31.61,2111,700
20200916,1393,83,Category 05,58.97,39.46,33.1,72,107,49.6,51,31.61,1969,839
20200126,579,1,Category 07,57.77,47.08,18.5,43,54,27.8,27,29.23,1227,963
20201204,210,8,Category 05,55.55,34.9,37.2,22,34,55.8,25,31.14,537,127
20200609,1589,39,Category 06,40.58,33.98,16.3,79,98,24.4,40,22.8,1404,1095
20200610,721,110,Category 02,65.82,46.89,28.8,78,111,43.1,36,33.7,2505,1464
20200624,397,2,Category 01,28.16,17.59,38.0,35,50,45.0,17,15.99,425,79
20200626,303,7,Category 06,62.66,53.7,14.3,73,88,21.4,44,33.79,2107,1752
20200509,1822,6,Category 06,58.95,37.29,36.7,65,100,55.1,40,32.93,1691,435
20201117,1858,107,Category 10,44.58,32.08,28.0,17,24,42.1,25,25.22,329,164
20200713,508,1,Category 07,51.9,35.03,32.5,77,114,48.8,46,29.23,1745,661
20200802,567,153,Category 02,84.31,66.1,21.6,40,52,32.4,50,40.66,1746,1322
20200413,1425,153,Category 02,84.77,62.07,26.8,19,26,40.2,46,40.66,838,556
20200414,274,39,Category 06,45.24,31.72,29.9,18,26,44.8,26,22.8,403,231
20200114,1020,111,Category 04,52.94,47.58,10.1,26,29,15.2,30,28.95,623,540
20200103,1763,7,Category 06,63.64,48.7,23.5,79,106,35.2,27,33.79,2358,1580
20200509,1354,2,Category 01,29.33,18.48,37.0,76,109,44.4,32,15.99,1013,271
20201203,1452,111,Category 04,60.14,49.49,17.7,56,70,26.6,50,28.95,1746,1437
20200926,1259,149,Category 03,30.7,21.27,30.7,27,36,36.9,34,18.29,335,107
20201022,603,153,Category 02,88.81,76.77,13.6,74,89,20.3,27,40.66,3563,3213
20200808,1587,83,Category 05,59.25,38.05,35.8,39,59,53.7,26,31.61,1077,379
20200913,339,83,Category 05,57.58,35.21,38.9,72,113,58.3,19,31.61,1869,406
20200527,1763,1,Category 07,54.96,49.09,10.7,26,30,16.0,25,29.23,668,595
20200816,865,107,Category 10,44.35,32.93,25.8,46,63,38.6,32,25.22,879,485
20201028,339,110,Category 02,72.58,46.06,36.5,33,51,54.8,27,33.7,1283,630
20200420,904,52,Category 06,37.26,26.77,28.2,45,64,42.2,55,20.74,743,385
20201220,171,67,Category 05,38.69,24.32,37.1,26,40,55.7,41,20.88,463,137
20200204,1160,155,Category 01,41.81,32.65,21.9,23,29,26.3,44,22.82,436,285
20201017,1094,111,Category 04,58.86,36.89,37.3,67,104,56.0,54,28.95,2003,825
20200630,339,3,Category 01,43.64,34.9,20.0,22,27,24.0,40,22.1,473,345
20200519,371,76,Category 05,40.88,25.97,36.5,26,40,54.7,50,22.03,490,157
20200202,978,76,Category 05,40.62,31.6,22.2,17,22,33.3,32,22.03,316,210
20200126,1843,83,Category 05,62.47,39.42,36.9,50,77,55.3,55,31.61,1543,601
20200524,1710,111,Category 04,59.54,38.06,36.1,65,100,54.1,33,28.95,1988,911
20200415,567,110,Category 02,67.43,41.59,38.3,50,78,57.5,43,33.7,1686,615
20200813,1425,3,Category 01,38.26,25.69,32.8,48,66,39.4,42,22.1,775,236
20200429,171,111,Category 04,54.33,45.02,17.1,47,59,25.7,55,28.95,1192,948
20200317,273,2,Category 01,27.65,17.59,36.6,24,34,43.7,22,15.99,279,54
20200128,303,110,Category 02,67.48,54.69,18.9,26,33,28.4,46,33.7,878,692
20200903,1302,7,Category 06,66.14,47.87,27.6,21,29,41.4,39,33.79,679,408
20200602,1027,7,Category 06,58.9,46.02,21.9,62,82,32.8,16,33.79,1556,1002
20201223,303,3,Category 01,44.03,32.0,27.3,23,30,32.8,48,22.1,504,296
20200615,614,2,Category 01,29.56,23.38,20.9,35,43,25.1,52,15.99,474,317
20200623,1822,46,Category 04,50.06,44.77,10.6,16,18,15.9,27,24.88,402,358
20200222,1589,2,Category 01,29.87,26.28,12.0,54,61,14.4,52,15.99,749,627
20200219,1068,154,Category 01,51.61,34.59,33.0,46,64,39.6,33,27.57,1105,449
20201109,1328,64,Category 01,63.46,50.15,21.0,22,27,25.2,51,32.22,687,484
20200414,679,76,Category 05,43.61,34.85,20.1,33,42,30.1,41,22.03,712,538
20201029,1311,52,Category 06,36.4,32.52,10.6,76,88,16.0,27,20.74,1190,1036
20201128,1393,8,Category 05,59.03,43.31,26.6,34,47,39.9,41,31.14,948,571
20200907,1311,153,Category 02,80.59,64.53,19.9,39,50,29.9,29,40.66,1557,1193
20200310,338,57,Category 04,64.95,57.21,11.9,49,57,17.9,15,34.92,1471,1270
20200205,574,149,Category 03,31.83,20.73,34.9,24,34,41.8,14,18.29,324,82
20200127,1589,154,Category 01,54.06,35.31,34.7,54,76,41.6,24,27.57,1430,588
20200215,1328,57,Category 04,69.03,51.42,25.5,79,109,38.3,21,34.92,2694,1798
20200302,567,111,Category 04,58.02,35.79,38.3,73,114,57.5,44,28.95,2122,779
20201012,1937,155,Category 01,41.42,36.17,12.7,51,58,15.2,39,22.82,948,774
20200324,679,110,Category 02,64.59,40.02,38.0,46,72,57.1,52,33.7,1420,455
20200519,1393,110,Category 02,68.26,53.09,22.2,21,28,33.3,42,33.7,725,542
20200716,1232,155,Category 01,44.19,30.76,30.4,62,84,36.5,48,22.82,1324,666
20200312,210,46,Category 04,46.19,36.24,21.5,27,35,32.3,27,24.88,575,397
20200304,334,154,Category 01,52.02,41.27,20.7,41,51,24.8,33,27.57,1002,698
20200701,1634,3,Category 01,41.28,28.2,31.7,55,75,38.0,52,22.1,1054,457
20200531,567,52,Category 06,36.29,23.04,36.5,55,85,54.8,54,20.74,855,195
20201125,579,111,Category 04,60.34,37.66,37.6,26,40,56.4,37,28.95,816,348
20200111,274,110,Category 02,74.13,60.09,18.9,48,61,28.4,53,33.7,1940,1609
20200501,397,39,Category 06,45.07,31.94,29.1,63,90,43.7,39,22.8,1403,822
20200701,1283,107,Category 10,46.96,38.76,17.5,71,89,26.2,27,25.22,1543,1205
20201029,339,6,Category 06,64.75,47.96,25.9,26,36,38.9,19,32.93,827,541
20200930,209,7,Category 06,62.06,39.93,35.7,35,53,53.5,54,33.79,989,325
20200909,171,7,Category 06,59.24,37.17,38.7,29,45,55.9,30,33.79,738,152
20201201,1537,6,Category 06,65.74,47.25,28.1,31,44,42.2,27,32.93,1017,630
20200723,1537,83,Category 05,62.75,48.42,22.8,73,98,34.3,50,31.61,2273,1647
20200529,1101,83,Category 05,56.6,40.8,27.9,65,92,41.9,28,31.61,1624,845
20200728,639,67,Category 05,36.72,25.87,29.6,74,106,44.3,20,20.88,1172,528
20200715,1646,76,Category 05,40.84,29.3,28.3,37,52,42.4,30,22.03,695,378
20201121,178,8,Category 05,59.54,49.21,17.4,36,45,26.0,37,31.14,1022,813
20201111,1634,52,Category 06,37.48,24.16,35.5,47,72,53.3,55,20.74,786,246
20200705,1843,64,Category 01,57.51,38.13,33.7,64,89,40.4,45,32.22,1618,525
20200521,1616,64,Category 01,57.36,51.01,11.1,30,33,13.3,55,32.22,754,620
20200502,425,153,Category 02,85.21,55.39,35.0,70,106,52.5,42,40.66,3118,1561
20200415,339,83,Category 05,55.95,50.18,10.3,24,27,15.5,23,31.61,584,501
20200503,1858,155,Category 01,44.48,38.73,12.9,72,83,15.5,47,22.82,1559,1320
20200522,63,3,Category 01,40.35,33.98,15.8,76,90,18.9,20,22.1,1387,1069
20200314,603,107,Category 10,43.92,29.41,33.0,44,65,49.6,35,25.22,822,272
20200804,338,110,Category 02,68.02,57.23,15.9,21,25,23.8,30,33.7,720,588
20201206,274,67,Category 05,36.69,29.21,20.4,73,95,30.6,26,20.88,1154,791
20200316,1068,149,Category 03,32.16,25.97,19.3,73,89,23.1,19,18.29,1012,683
20200418,98,83,Category 05,57.48,46.93,18.4,23,29,27.5,24,31.61,595,444
20200310,1589,149,Category 03,31.93,28.36,11.2,74,83,13.4,53,18.29,1009,835
20200122,1763,149,Category 03,33.48,29.58,11.7,50,56,14.0,43,18.29,759,632
20201012,1937,39,Category 06,40.38,26.76,33.7,73,109,50.6,15,22.8,1283,431
20200822,232,52,Category 06,39.69,25.98,34.5,42,63,51.8,26,20.74,795,330
20201003,1354,64,Category 01,59.84,39.57,33.9,77,108,40.6,30,32.22,2126,793
20200719,639,64,Category 01,63.64,54.41,14.5,34,39,17.4,24,32.22,1068,865
20200309,1302,39,Category 06,42.91,33.49,22.0,53,70,32.9,27,22.8,1065,748
20200921,1302,67,Category 05,36.16,22.97,36.9,23,35,54.7,40,20.88,351,73
20201017,485,83,Category 05,58.9,41.0,30.4,25,36,45.6,17,31.61,682,338
20200105,1232,148,Category 03,31.53,26.81,15.0,36,42,18.0,47,19.46,434,308
20201022,339,155,Category 01,42.96,32.94,23.3,46,58,28.0,39,22.82,926,586
20201129,1283,3,Category 01,41.68,30.57,26.7,64,84,32.0,28,22.1,1253,711
20200329,1936,148,Category 03,35.04,28.94,17.4,20,24,20.9,52,19.46,311,227
20200404,1164,153,Category 02,86.3,54.52,36.8,65,100,55.2,38,40.66,2966,1386
20200324,171,107,Category 10,46.32,31.77,31.4,61,89,47.1,18,25.22,1287,582
20200207,875,39,Category 06,44.8,34.77,22.4,37,49,33.6,27,22.8,813,586
20200413,1259,155,Category 01,39.64,30.8,22.3,39,49,26.8,38,22.82,655,391
20200424,1329,110,Category 02,67.78,44.48,34.4,64,97,51.6,55,33.7,2181,1045
20200308,1587,8,Category 05,60.98,53.13,12.9,28,33,19.3,46,31.14,835,725
20200912,98,107,Category 10,46.76,39.4,15.7,67,82,23.6,17,25.22,1443,1162
20201112,1311,67,Category 05,37.0,28.89,21.9,36,47,32.9,52,20.88,580,376
20200707,1232,67,Category 05,40.73,29.9,26.6,76,106,39.9,17,20.88,1508,956
20200730,377,7,Category 06,64.33,50.01,22.3,45,60,33.4,35,33.79,1374,973
20200908,397,153,Category 02,86.69,57.0,34.3,48,72,51.4,44,40.66,2209,1176
20201027,397,148,Category 03,33.35,29.15,12.6,32,36,15.1,19,19.46,444,348
20200509,1020,110,Category 02,72.72,44.17,39.3,75,119,58.9,36,33.7,2926,1245
20200413,1311,148,Category 03,33.47,26.71,20.2,46,57,24.2,55,19.46,644,413
20201226,1712,148,Category 03,32.77,24.4,25.5,57,74,30.6,24,19.46,758,365
20201208,1182,64,Category 01,62.61,47.91,23.5,15,19,28.2,52,32.22,455,298
20200210,206,2,Category 01,30.5,25.02,18.0,72,87,21.6,22,15.99,1044,785
20200118,164,67,Category 05,37.1,29.49,20.5,64,83,30.8,30,20.88,1038,714
20200718,1208,39,Category 06,40.59,25.87,36.3,73,112,54.4,52,22.8,1298,343
20200719,232,154,Category 01,48.7,30.33,39.5,43,62,45.3,51,27.57,908,171
20200515,1182,2,Category 01,29.82,26.1,12.5,70,80,15.0,25,15.99,968,808
20201222,249,83,Category 05,60.73,46.41,23.6,49,66,35.4,51,31.61,1426,976
20200922,545,83,Category 05,62.4,41.0,34.3,67,101,51.4,34,31.61,2062,948
20201208,377,155,Category 01,39.57,34.24,13.5,61,70,16.2,16,22.82,1021,799
20200317,679,7,Category 06,66.93,41.2,38.5,69,108,57.7,48,33.79,2286,800
20200615,1327,83,Category 05,59.33,39.3,33.8,34,51,50.6,23,31.61,942,392
20200329,485,52,Category 06,36.86,31.97,13.3,40,47,19.9,48,20.74,644,527
20200722,63,110,Category 02,68.61,57.29,16.5,59,73,24.7,24,33.7,2059,1722
20200620,377,2,Category 01,28.49,23.69,16.9,20,24,20.2,53,15.99,249,184
20201013,339,148,Category 03,35.04,24.28,30.7,79,108,36.8,40,19.46,1230,520
20200622,1094,7,Category 06,64.74,45.84,29.2,15,21,43.8,32,33.79,464,253
20201114,274,2,Category 01,28.28,25.25,10.7,21,23,12.9,42,15.99,258,212
20200910,531,3,Category 01,40.08,33.36,16.8,57,68,20.1,32,22.1,1024,765
20200624,1027,148,Category 03,31.43,24.65,21.6,77,96,25.9,21,19.46,921,498
20200729,337,110,Category 02,72.96,44.69,38.8,33,52,58.1,35,33.7,1295,571
20200205,1625,7,Category 06,63.99,42.72,33.2,28,41,49.9,52,33.79,845,366
20200917,633,8,Category 05,59.76,44.69,25.2,45,62,37.8,35,31.14,1287,840
20200330,381,64,Category 01,57.02,50.69,11.1,40,45,13.3,53,32.22,992,831
20201002,63,155,Category 01,41.38,29.34,29.1,53,71,34.9,16,22.82,983,462
20200208,639,57,Category 04,68.75,43.98,36.0,32,49,54.0,51,34.92,1082,443
20200319,1712,154,Category 01,51.44,34.91,32.1,61,84,38.6,30,27.57,1456,616
20200823,1646,6,Category 06,65.33,41.89,35.9,33,50,53.8,38,32.93,1069,448
20201123,625,76,Category 05,43.25,37.21,14.0,30,36,20.9,28,22.03,636,546
20200819,1068,3,Category 01,43.94,28.74,34.6,69,97,41.5,50,22.1,1506,644
20201123,1556,6,Category 06,57.73,43.31,25.0,74,101,37.5,25,32.93,1835,1048
20200513,600,107,Category 10,49.6,41.67,16.0,43,53,24.0,20,25.22,1048,871
20200118,875,1,Category 07,54.9,48.04,12.5,70,83,18.7,55,29.23,1796,1561
20201227,978,153,Category 02,85.83,74.56,13.1,27,32,19.7,41,40.66,1219,1084
20201001,1634,8,Category 05,56.39,41.09,27.1,15,21,40.7,18,31.14,378,208
20200929,904,6,Category 06,58.19,39.34,32.4,20,29,48.6,34,32.93,505,185
20200324,1459,52,Category 06,38.08,22.88,39.9,74,118,59.9,54,20.74,1283,252
20201010,639,39,Category 06,39.51,31.39,20.5,48,62,30.8,46,22.8,802,532
20201029,1838,46,Category 04,51.71,31.74,38.6,26,41,57.9,28,24.88,697,281
20201012,871,39,Category 06,43.72,39.13,10.5,26,30,15.7,40,22.8,543,489
20200407,721,149,Category 03,32.37,26.6,17.8,34,41,21.4,35,18.29,478,340
20200620,1259,153,Category 02,88.1,53.53,39.2,39,61,58.9,35,40.66,1850,785
20200418,1452,1,Category 07,55.25,37.54,32.1,75,111,48.1,22,29.23,1951,922
20200124,679,64,Category 01,59.91,39.98,33.3,75,104,39.9,15,32.22,2076,807
20200817,178,64,Category 01,62.15,54.78,11.9,60,68,14.2,20,32.22,1795,1534
20201113,1712,149,Category 03,30.35,26.47,12.8,54,62,15.3,51,18.29,651,507
20200715,1710,83,Category 05,55.96,34.77,38.9,53,83,56.8,54,31.61,1290,262
20201201,1425,6,Category 06,64.89,51.48,20.7,17,22,31.0,20,32.93,543,408
20200913,1094,7,Category 06,58.88,47.16,19.9,55,71,29.9,32,33.79,1379,949
20200723,1936,111,Category 04,61.13,40.02,34.5,48,72,51.8,50,28.95,1544,797
20200330,614,2,Category 01,30.26,24.81,18.0,66,80,21.6,16,15.99,941,705
20200917,999,155,Category 01,42.53,37.5,11.8,32,36,14.2,50,22.82,630,528
20200625,633,6,Category 06,57.75,39.88,30.9,34,49,46.4,46,32.93,843,340
20200113,875,6,Category 06,64.37,56.48,12.3,15,17,18.4,44,32.93,471,400
20200610,1327,153,Category 02,86.74,73.74,15.0,44,53,22.5,48,40.66,2027,1753
20200613,904,107,Category 10,45.23,34.3,24.2,36,49,36.2,15,25.22,720,444
20200402,1161,57,Category 04,71.71,49.08,31.6,78,114,47.3,34,34.92,2869,1614
20200610,1452,52,Category 06,37.6,23.64,37.1,54,84,55.7,37,20.74,910,243
20200620,574,110,Category 02,64.98,49.66,23.6,28,37,35.4,37,33.7,875,590
20200725,232,6,Category 06,61.34,49.06,20.0,31,40,30.0,54,32.93,880,645
20201120,1354,1,Category 07,53.14,41.03,22.8,36,48,34.2,26,29.23,860,566
20200505,171,149,Category 03,30.17,23.28,22.8,20,25,27.4,47,18.29,237,124
20200520,614,2,Category 01,28.82,21.09,26.8,60,79,32.2,18,15.99,769,402
20200402,209,83,Category 05,55.51,35.22,36.6,63,97,54.8,16,31.61,1505,350
20200121,1843,64,Category 01,61.42,38.86,36.7,46,66,44.1,28,32.22,1343,438
20200706,1763,6,Category 06,62.1,37.67,39.3,39,62,59.0,55,32.93,1137,293
20200418,1925,6,Category 06,62.97,55.13,12.5,62,73,18.7,36,32.93,1862,1620
20201204,865,83,Category 05,59.01,39.24,33.5,69,103,50.3,30,31.61,1890,785
20200824,1838,1,Category 07,51.28,32.15,39.7,36,56,56.0,29,29.23,793,163
20201204,1329,155,Category 01,44.02,29.41,33.2,31,43,39.8,31,22.82,657,283
20200616,1857,148,Category 03,33.45,29.66,11.3,79,89,13.6,17,19.46,1105,907
20200515,232,2,Category 01,31.7,23.11,27.1,43,56,32.5,32,15.99,675,398
20200429,579,64,Category 01,58.01,50.02,13.8,16,18,16.5,31,32.22,412,320
20200912,1589,6,Category 06,56.91,47.03,17.4,59,74,26.0,54,32.93,1414,1043
20201025,790,111,Category 04,53.4,35.68,33.2,32,47,49.8,44,28.95,782,316
20200515,508,110,Category 02,65.22,48.95,24.9,68,93,37.4,19,33.7,2143,1418
20200628,1843,7,Category 06,66.2,44.14,33.3,75,112,50.0,52,33.79,2430,1159
20200121,1094,52,Category 06,37.82,31.77,16.0,38,47,24.0,37,20.74,649,518
20200819,1161,52,Category 06,36.44,30.11,17.4,26,32,26.1,39,20.74,408,299
20201029,999,111,Category 04,54.48,45.81,15.9,71,87,23.9,49,28.95,1812,1466
20200801,1101,67,Category 05,39.9,24.18,39.4,19,30,59.1,39,20.88,361,99
20200627,164,64,Category 01,62.88,49.61,21.1,76,95,25.3,51,32.22,2330,1652
20200226,1354,107,Category 10,46.0,39.53,14.1,63,76,21.1,19,25.22,1309,1087
20201003,1160,154,Category 01,47.7,31.92,33.1,71,99,39.7,35,27.57,1429,430
20201007,614,3,Category 01,40.24,29.91,25.7,15,19,30.8,43,22.1,272,148
20201201,1329,154,Category 01,48.0,33.04,31.2,79,108,37.4,55,27.57,1613,590
20200902,210,64,Category 01,61.72,47.68,22.7,18,22,27.3,40,32.22,531,340
20200119,178,2,Category 01,28.21,21.9,22.4,66,83,26.8,36,15.99,806,490
20200328,232,67,Category 05,37.18,27.17,26.9,74,103,40.4,19,20.88,1206,647
20200731,486,67,Category 05,40.53,34.83,14.1,35,42,21.1,48,20.88,687,585
20201107,1013,1,Category 07,53.06,33.01,37.8,53,83,56.7,45,29.23,1262,313
20201029,98,148,Category 03,31.94,28.52,10.7,43,48,12.8,14,19.46,536,434
20200721,721,154,Category 01,51.32,44.23,13.8,77,89,16.6,36,27.57,1828,1482
20200801,381,8,Category 05,60.63,53.93,11.0,62,72,16.6,16,31.14,1828,1640
20200823,1540,6,Category 06,65.75,57.25,12.9,64,76,19.4,39,32.93,2100,1848
20200315,875,155,Category 01,42.56,26.55,37.6,48,69,45.1,29,22.82,947,257
20200901,1452,110,Category 02,67.1,45.94,31.5,45,66,47.3,39,33.7,1502,807
20200917,1763,153,Category 02,81.03,70.95,12.4,73,86,18.7,28,40.66,2947,2604
20201119,679,107,Category 10,45.99,34.93,24.0,36,48,36.1,16,25.22,747,466
20200713,1425,39,Category 06,39.97,29.7,25.7,21,29,38.5,54,22.8,360,200
20200822,579,64,Category 01,60.41,51.47,14.8,28,32,17.8,22,32.22,789,616
20201220,1712,107,Category 10,50.43,32.62,35.3,68,104,53.0,36,25.22,1714,769
20200504,171,83,Category 05,60.4,50.54,16.3,21,26,24.5,52,31.61,604,492
20201210,904,3,Category 01,43.19,29.23,32.3,50,69,38.8,54,22.1,1054,491
20200320,875,46,Category 04,46.83,35.93,23.3,58,78,34.9,32,24.88,1273,861
20200710,1589,149,Category 03,29.11,26.18,10.1,19,21,12.1,20,18.29,205,165
20201128,1459,46,Category 04,50.15,42.64,15.0,16,19,22.5,47,24.88,404,337
20201030,1232,67,Category 05,38.49,26.43,31.3,61,89,47.0,46,20.88,1074,493
20201128,871,8,Category 05,62.04,40.21,35.2,18,27,52.8,46,31.14,556,244
20200113,381,110,Category 02,66.07,41.75,36.8,57,88,55.2,53,33.7,1845,708
20200419,1311,52,Category 06,37.06,23.13,37.6,52,81,56.4,54,20.74,848,193
20200702,545,57,Category 04,65.27,43.73,33.0,55,82,49.5,37,34.92,1669,722
20201225,373,67,Category 05,39.7,26.69,32.8,65,96,49.2,18,20.88,1223,557
20201030,1646,64,Category 01,56.5,45.8,18.9,71,87,22.7,17,32.22,1723,1181
20200222,865,8,Category 05,55.99,36.97,34.0,27,40,51.0,26,31.14,670,233
20201225,1510,39,Category 06,43.72,37.12,15.1,64,78,22.6,32,22.8,1338,1116
20200222,381,149,Category 03,29.17,20.92,28.3,72,96,33.9,55,18.29,783,252
20200128,875,52,Category 06,40.84,30.26,25.9,26,36,38.9,35,20.74,522,342
20200806,1537,8,Category 05,56.38,37.19,34.0,56,84,51.1,27,31.14,1413,508
20200703,1830,107,Category 10,49.4,41.27,16.5,28,34,24.7,51,25.22,677,545
20200503,1936,107,Category 10,44.81,29.77,33.6,20,30,50.3,36,25.22,391,136
20200428,381,67,Category 05,40.77,36.51,10.4,21,24,15.7,49,20.88,417,375
20200413,1587,83,Category 05,57.43,43.0,25.1,52,71,37.7,32,31.61,1342,808
20200411,1161,39,Category 06,40.24,25.08,39.0,38,59,56.5,28,22.8,662,134
20201215,334,67,Category 05,37.21,28.25,24.1,55,74,36.1,29,20.88,898,545
20200228,1857,111,Category 04,55.77,34.01,39.0,26,41,58.5,22,28.95,697,207
20200411,1232,107,Category 10,43.72,37.79,13.6,21,25,20.3,17,25.22,388,314
20200428,1328,8,Category 05,56.78,50.32,11.4,27,31,17.1,29,31.14,692,594
20200707,1589,155,Category 01,44.36,35.32,20.4,39,48,24.5,37,22.82,840,600
20200126,1160,67,Category 05,39.41,29.32,25.6,17,23,38.4,34,20.88,315,194
20200831,574,110,Category 02,70.5,59.49,15.6,28,34,23.4,21,33.7,1030,876
20200205,1925,83,Category 05,57.09,42.46,25.6,54,74,38.4,36,31.61,1375,802
20200504,1452,39,Category 06,40.33,33.13,17.8,53,67,26.8,28,22.8,929,692
20200929,273,1,Category 07,53.93,34.03,36.9,59,91,55.3,32,29.23,1457,436
20201025,381,52,Category 06,38.73,28.61,26.1,54,75,39.2,53,20.74,971,590
20200302,1259,148,Category 03,34.44,26.7,22.5,25,31,27.0,24,19.46,374,224
20201213,1259,154,Category 01,52.03,39.21,24.6,65,84,29.6,34,27.57,1589,977
20200224,1013,148,Category 03,31.46,23.69,24.7,15,19,29.6,17,19.46,180,80
20200912,274,46,Category 04,47.12,31.62,32.9,35,52,49.3,14,24.88,778,350
20201204,485,111,Category 04,54.04,38.91,28.0,17,24,42.0,39,28.95,426,239
20200726,579,149,Category 03,30.26,24.93,17.6,60,72,21.1,36,18.29,718,478
20200625,397,67,Category 05,38.49,28.31,26.5,78,108,39.7,31,20.88,1373,802
20200308,600,148,Category 03,31.37,22.48,28.3,54,72,34.0,53,19.46,643,217
20200905,614,148,Category 03,33.98,25.85,23.9,16,20,28.7,48,19.46,232,127
20200608,978,46,Category 04,45.51,28.79,36.7,29,44,55.1,30,24.88,598,172
20200123,1937,83,Category 05,62.11,44.03,29.1,58,83,43.7,27,31.61,1769,1030
20200110,790,83,Category 05,61.08,49.7,18.6,70,89,27.9,18,31.61,2062,1610
20200701,978,110,Category 02,70.48,47.03,33.3,59,88,49.9,25,33.7,2170,1173
20200519,1710,153,Category 02,80.89,52.61,35.0,26,39,52.4,19,40.66,1045,466
20201022,1094,6,Category 06,58.76,36.71,37.5,64,100,56.3,50,32.93,1653,378
20200605,337,3,Category 01,44.07,30.9,29.9,71,96,35.9,51,22.1,1559,844
20201203,603,1,Category 07,56.76,42.38,25.3,27,37,38.0,28,29.23,743,486
20200607,1329,148,Category 03,34.5,26.65,22.8,27,34,27.3,51,19.46,406,244
20200209,1838,83,Category 05,54.97,36.17,34.2,17,25,51.3,46,31.61,397,114
20200116,98,111,Category 04,57.58,49.09,14.8,78,95,22.1,38,28.95,2233,1913
20200926,567,153,Category 02,79.1,62.54,20.9,60,78,31.4,23,40.66,2306,1706
20200322,1027,64,Category 01,55.99,35.44,38.5,20,28,44.0,50,32.22,475,90
20200109,1311,67,Category 05,37.58,26.6,29.2,58,83,43.8,18,20.88,968,474
20200329,545,111,Category 04,56.65,45.04,20.5,77,100,30.7,50,28.95,2132,1609
20200910,1232,155,Category 01,40.74,25.94,36.3,70,100,43.6,37,22.82,1254,312
20200721,371,57,Category 04,70.08,58.54,16.5,21,26,24.7,54,34.92,738,614
20200327,508,154,Category 01,51.58,37.16,28.0,75,100,33.5,47,27.57,1800,958
20200417,1328,2,Category 01,30.23,25.37,16.1,63,75,19.3,43,15.99,897,703
20201014,377,154,Category 01,52.41,37.08,29.3,42,56,35.1,35,27.57,1043,532
20200617,1858,76,Category 05,39.17,33.86,13.6,24,28,20.3,49,22.03,411,331
20200514,1822,76,Category 05,40.09,31.22,22.1,26,34,33.2,21,22.03,469,312
20201001,209,64,Category 01,55.81,41.77,25.2,62,80,30.2,54,32.22,1462,764
20201006,1283,83,Category 05,60.0,53.71,10.5,70,81,15.7,48,31.61,1987,1790
20201005,425,39,Category 06,42.79,29.69,30.6,52,75,45.9,18,22.8,1039,516
20201025,1302,107,Category 10,44.1,38.21,13.3,38,45,20.0,14,25.22,717,584
20200719,614,3,Category 01,41.19,34.1,17.2,79,95,20.7,26,22.1,1508,1140
20200529,373,1,Category 07,55.86,38.43,31.2,26,38,46.8,49,29.23,692,349
20200823,98,57,Category 04,68.42,57.88,15.4,53,65,23.1,29,34.92,1775,1492
20200921,206,149,Category 03,31.98,22.66,29.2,25,33,35.0,38,18.29,342,144
20200304,1925,155,Category 01,44.29,30.5,31.1,18,24,37.4,49,22.82,386,184
20200513,1027,107,Category 10,48.7,40.18,17.5,45,56,26.2,14,25.22,1056,837
20201119,625,57,Category 04,73.06,49.65,32.0,18,26,48.1,19,34.92,686,382
20200910,377,155,Category 01,39.96,32.01,19.9,51,63,23.9,34,22.82,874,578
20200411,1208,153,Category 02,89.42,59.73,33.2,31,46,49.8,19,40.66,1511,877
20201101,904,154,Category 01,52.86,35.63,32.6,43,59,39.1,51,27.57,1087,475
20201226,1094,153,Category 02,80.11,65.24,18.6,15,19,27.8,25,40.66,591,467
20200103,381,8,Category 05,57.06,42.0,26.4,45,62,39.6,48,31.14,1166,673
20201114,338,7,Category 06,63.01,49.94,20.7,61,79,31.1,27,33.79,1782,1275
20201118,210,155,Category 01,42.17,26.56,37.0,56,80,44.4,18,22.82,1083,299
20200812,1587,107,Category 10,49.91,43.67,12.5,54,64,18.8,45,25.22,1333,1180
20200718,486,154,Category 01,54.92,45.05,18.0,59,71,21.6,23,27.57,1613,1241
20200906,1094,67,Category 05,40.54,33.46,17.5,63,79,26.2,19,20.88,1238,993
20200620,63,7,Category 06,63.76,47.0,26.3,46,64,39.4,23,33.79,1378,845
20200117,567,111,Category 04,57.22,42.86,25.1,67,92,37.6,39,28.95,1894,1279
20201125,865,3,Category 01,40.6,28.16,30.6,29,39,36.8,50,22.1,536,236
20200327,1712,155,Category 01,42.2,31.94,24.3,66,85,29.2,17,22.82,1279,775
20200919,1925,76,Category 05,39.59,31.45,20.6,55,71,30.8,34,22.03,965,668
20200830,1164,149,Category 03,33.41,24.85,25.6,23,30,30.7,51,18.29,347,196
20200706,1328,52,Category 06,38.03,26.23,31.0,16,23,46.5,49,20.74,276,126
20200831,1741,3,Category 01,38.4,27.01,29.7,37,50,35.6,20,22.1,603,245
20200104,1858,1,Category 07,53.3,40.01,24.9,46,63,37.4,27,29.23,1107,679
20201106,274,107,Category 10,48.18,35.76,25.8,69,95,38.7,30,25.22,1584,1001
20201019,1556,110,Category 02,70.26,48.13,31.5,36,53,47.2,18,33.7,1316,764
20200221,1830,52,Category 06,40.97,36.35,11.3,45,52,16.9,26,20.74,910,811
20200308,721,2,Category 01,31.3,25.79,17.6,56,67,21.1,19,15.99,857,656
20200809,371,155,Category 01,45.36,33.47,26.2,63,82,31.5,38,22.82,1420,873
20200407,567,149,Category 03,29.89,26.03,12.9,78,90,15.5,14,18.29,904,696
20200110,1710,46,Category 04,51.05,31.27,38.7,65,102,58.1,23,24.88,1701,651
20200325,373,111,Category 04,60.67,43.87,27.7,28,39,41.5,18,28.95,888,581
20200703,1101,46,Category 04,49.85,31.84,36.1,56,86,54.2,35,24.88,1398,598
20201105,232,46,Category 04,47.0,39.23,16.5,39,48,24.8,46,24.88,862,688
20200926,1540,153,Category 02,87.43,69.09,21.0,26,34,31.5,54,40.66,1216,966
20200307,1556,46,Category 04,47.02,40.65,13.5,17,20,20.3,38,24.88,376,315
20200721,567,148,Category 03,33.96,30.08,11.4,40,45,13.7,52,19.46,580,477
20200107,600,2,Category 01,27.67,21.22,23.3,16,20,28.0,14,15.99,186,104
20200815,1160,64,Category 01,62.86,48.12,23.4,26,33,28.1,14,32.22,796,524
20200707,339,64,Category 01,63.96,43.99,31.2,35,48,37.5,48,32.22,1110,564
20200111,508,6,Category 06,58.36,48.96,16.1,60,74,24.2,17,32.93,1525,1186
20200212,371,153,Category 02,87.86,70.25,20.0,48,62,30.1,54,40.66,2265,1834
20201128,1283,153,Category 02,87.23,53.21,39.0,78,123,58.5,33,40.66,3632,1543
20200905,1068,8,Category 05,58.26,47.78,18.0,42,53,27.0,21,31.14,1139,881
20200927,1857,3,Category 01,43.23,35.3,18.4,50,61,22.0,43,22.1,1056,805
20200419,579,57,Category 04,64.46,42.82,33.6,75,112,50.4,29,34.92,2215,884
20200107,232,46,Category 04,45.77,41.02,10.4,24,27,15.6,43,24.88,501,435
20200902,545,107,Category 10,48.46,39.95,17.6,53,66,26.3,29,25.22,1231,972
20201011,1741,6,Category 06,59.23,36.46,38.4,79,124,57.7,34,32.93,2077,437
20200419,665,7,Category 06,65.38,51.93,20.6,73,95,30.9,22,33.79,2306,1723
20200108,1646,57,Category 04,73.65,49.56,32.7,66,98,49.1,55,34.92,2556,1434
20200407,1830,46,Category 04,50.51,36.4,27.9,40,56,41.9,53,24.88,1025,645
20200417,531,2,Category 01,29.92,18.49,38.2,24,35,45.8,16,15.99,334,87
20200128,1822,1,Category 07,57.63,44.5,22.8,52,69,34.2,17,29.23,1476,1053
20200611,1634,111,Category 04,58.71,37.04,36.9,71,110,55.4,31,28.95,2112,889
20201227,209,1,Category 07,50.7,40.04,21.0,48,63,31.5,37,29.23,1030,681
20201108,871,83,Category 05,59.76,45.15,24.4,18,24,36.7,52,31.61,506,324
20200217,232,148,Category 03,33.87,23.89,29.5,37,50,35.4,41,19.46,533,221
20200713,1283,148,Category 03,31.65,24.25,23.4,36,46,28.1,42,19.46,438,220
20200218,381,6,Category 06,61.09,50.45,17.4,47,59,26.1,37,32.93,1323,1033
20200807,1589,149,Category 03,32.99,20.7,37.3,55,79,44.7,27,18.29,808,190
20201212,1858,2,Category 01,28.14,21.5,23.6,20,25,28.3,43,15.99,243,137
20200102,1283,155,Category 01,45.04,28.0,37.8,52,75,45.4,55,22.82,1155,388
20200401,1937,83,Category 05,55.23,35.54,35.6,76,116,53.5,51,31.61,1795,455
20201001,1858,8,Category 05,55.32,39.82,28.0,46,65,42.0,19,31.14,1112,564
20201124,339,64,Category 01,60.29,49.32,18.2,18,21,21.8,21,32.22,505,359
20200124,1838,149,Category 03,31.54,26.71,15.3,43,50,18.4,21,18.29,569,421
20200528,871,148,Category 03,35.02,24.19,30.9,19,26,37.1,55,19.46,295,122
20201214,381,8,Category 05,59.71,50.36,15.7,73,90,23.5,52,31.14,2085,1729
20200413,665,67,Category 05,36.92,32.45,12.1,21,24,18.2,36,20.88,336,277
20201212,1425,3,Category 01,41.16,33.47,18.7,43,52,22.4,27,22.1,819,591
20201203,1302,76,Category 05,42.69,34.48,19.2,79,101,28.8,23,22.03,1632,1257
20200531,1182,76,Category 05,40.57,33.44,17.6,40,50,26.4,22,22.03,741,570
20200226,865,149,Category 03,30.04,26.04,13.3,73,84,16.0,45,18.29,857,651
20200602,171,2,Category 01,30.5,24.57,19.4,53,65,23.3,30,15.99,769,557
20200826,1302,7,Category 06,67.42,48.26,28.4,79,112,42.6,54,33.79,2656,1620
20200406,1625,83,Category 05,58.77,48.55,17.4,31,39,26.1,17,31.61,841,660
20200922,1013,64,Category 01,60.55,38.92,35.7,52,74,42.9,39,32.22,1473,495
20200429,1763,155,Category 01,39.84,29.25,26.6,52,68,31.9,17,22.82,885,437
20200716,164,57,Category 04,67.63,42.98,36.5,47,72,54.7,25,34.92,1537,580
20200818,273,149,Category 03,30.84,21.92,28.9,65,87,34.7,37,18.29,815,315
20200415,273,149,Category 03,30.34,20.12,37.0,63,88,40.4,23,18.29,759,161
20200614,1013,39,Category 06,40.27,30.67,23.8,56,76,35.8,17,22.8,978,598
20201110,1328,7,Category 06,66.04,40.49,38.7,29,45,58.0,31,33.79,935,301
20200306,1013,83,Category 05,61.28,41.87,31.7,53,78,47.5,32,31.61,1572,800
20200914,377,46,Category 04,50.11,39.62,20.9,63,82,31.4,40,24.88,1589,1208
20201028,486,107,Category 10,47.73,33.0,30.9,26,38,46.3,41,25.22,585,295
20201229,1556,3,Category 01,44.04,35.01,20.5,67,83,24.6,44,22.1,1469,1071
20200729,178,7,Category 06,63.08,44.45,29.5,46,66,44.3,47,33.79,1347,703
20200107,164,148,Category 03,34.92,29.88,14.4,23,26,17.3,40,19.46,355,270
20200825,600,64,Category 01,56.18,35.55,36.7,77,110,44.1,39,32.22,1844,366
20200923,1094,64,Category 01,61.09,47.59,22.1,22,27,26.5,52,32.22,635,414
20200906,338,8,Category 05,55.84,41.89,25.0,34,46,37.5,43,31.14,839,494
20200116,665,148,Category 03,33.7,25.96,23.0,32,40,27.6,20,19.46,455,260
20200926,639,7,Category 06,60.01,53.27,11.2,79,92,16.8,41,33.79,2071,1792
20200202,485,107,Category 10,46.36,27.87,39.9,62,99,59.8,23,25.22,1310,262
20200403,721,57,Category 04,70.67,46.65,34.0,41,61,51.0,18,34.92,1465,715
20200310,1710,154,Category 01,51.59,36.09,30.1,32,43,36.1,40,27.57,768,366
20200416,1068,6,Category 06,65.44,43.83,33.0,40,59,49.5,14,32.93,1300,643
20200929,485,3,Category 01,38.74,25.43,34.3,49,69,41.2,28,22.1,815,229
20200609,1182,154,Category 01,53.29,35.16,34.0,74,104,40.8,23,27.57,1903,789
20201204,486,110,Category 02,67.38,57.63,14.5,79,96,21.7,29,33.7,2660,2297
20200222,574,83,Category 05,57.23,48.46,15.3,48,59,23.0,51,31.61,1229,994
20200605,1556,64,Category 01,62.68,50.2,19.9,45,55,23.9,31,32.22,1370,988
20201127,978,154,Category 01,52.05,45.12,13.3,44,51,16.0,45,27.57,1077,895
20201016,98,6,Category 06,62.44,47.13,24.5,52,71,36.8,22,32.93,1534,1008
20200924,1094,8,Category 05,59.41,44.99,24.3,20,27,36.4,49,31.14,565,373
20201227,1452,76,Category 05,42.61,34.99,17.9,52,65,26.8,41,22.03,1070,842
20200112,1232,76,Category 05,42.86,36.57,14.7,15,18,22.0,48,22.03,312,261
20201011,721,46,Category 04,51.53,39.5,23.3,70,94,35.0,38,24.88,1865,1374
20201202,1830,107,Category 10,48.52,35.83,26.2,48,66,39.2,40,25.22,1118,700
20200530,1094,154,Category 01,49.79,35.94,27.8,52,69,33.4,54,27.57,1155,577
20200103,603,76,Category 05,43.95,28.18,35.9,23,35,53.8,53,22.03,504,215
20200408,545,154,Category 01,47.67,36.95,22.5,44,55,27.0,32,27.57,884,515
20200929,303,149,Category 03,32.84,21.07,35.8,21,30,43.0,27,18.29,305,83
20201103,1354,67,Category 05,36.93,22.97,38.6,67,104,56.7,43,20.88,1075,217
20200220,1710,153,Category 02,86.6,69.91,19.3,44,56,28.9,25,40.66,2021,1638
20200926,371,76,Category 05,41.7,25.48,38.9,41,64,58.3,51,22.03,806,220
20200416,625,149,Category 03,29.97,26.23,12.5,31,35,15.0,52,18.29,362,277
20200418,1068,46,Category 04,48.59,31.07,36.1,29,44,54.1,49,24.88,687,272
20200516,871,153,Category 02,86.08,54.71,36.4,23,35,54.7,21,40.66,1044,491
20200911,1259,83,Category 05,56.81,36.54,35.7,43,66,53.5,15,31.61,1083,325
20200919,721,6,Category 06,60.91,48.38,20.6,50,65,30.9,44,32.93,1398,1004
20200715,1283,111,Category 04,60.54,51.08,15.6,51,62,23.4,37,28.95,1611,1372
20200218,63,52,Category 06,39.55,35.2,11.0,72,83,16.5,29,20.74,1354,1200
20201102,371,46,Category 04,50.62,38.36,24.2,17,23,36.3,17,24.88,437,310
20200919,1510,57,Category 04,64.66,40.99,36.6,42,65,54.9,34,34.92,1249,394
20200512,1763,154,Category 01,54.83,41.41,24.5,34,43,29.4,43,27.57,926,595
20201018,999,153,Category 02,81.11,54.64,32.6,70,104,49.0,18,40.66,2831,1453
20201209,930,39,Category 06,41.99,34.31,18.3,44,56,27.4,24,22.8,844,644
20200505,614,67,Category 05,40.02,26.51,33.8,66,99,50.6,45,20.88,1263,557
20200415,721,107,Category 10,45.73,38.02,16.9,32,40,25.3,46,25.22,656,512
20201219,1020,64,Category 01,62.76,56.37,10.2,76,85,12.2,19,32.22,2321,2052
20201226,999,3,Category 01,41.4,33.83,18.3,63,76,21.9,41,22.1,1215,891
20200819,1625,57,Category 04,66.88,42.93,35.8,70,107,53.7,54,34.92,2237,857
20201026,978,1,Category 07,56.98,42.45,25.5,44,60,38.3,53,29.23,1220,793
20201012,567,67,Category 05,41.39,28.86,30.3,75,109,45.4,42,20.88,1538,869
20201013,178,52,Category 06,40.8,32.32,20.8,51,66,31.2,31,20.74,1023,764
20200803,337,107,Category 10,46.36,31.61,31.8,59,87,47.7,34,25.22,1247,555
20201028,1094,3,Category 01,43.5,30.35,30.2,38,51,36.3,41,22.1,813,420
20200811,210,154,Category 01,52.05,46.82,10.0,43,48,12.1,21,27.57,1052,924
20201023,209,107,Category 10,43.95,27.74,39.9,20,31,55.3,29,25.22,374,78
20201016,273,64,Category 01,64.44,46.04,28.6,56,75,34.3,54,32.22,1804,1036
20201122,1208,46,Category 04,51.08,31.45,38.4,67,105,57.6,25,24.88,1755,689
20201212,1329,6,Category 06,60.94,37.63,38.3,71,111,57.4,31,32.93,1988,521
20200117,1020,153,Category 02,82.33,53.01,35.6,77,118,53.4,47,40.66,3208,1457
20201116,1763,7,Category 06,62.47,42.16,32.5,22,32,48.8,47,33.79,630,267
20200415,1283,148,Category 03,30.88,21.41,32.8,60,82,36.8,25,19.46,685,159
20200812,1925,2,Category 01,27.82,17.59,39.1,67,96,44.1,18,15.99,792,153
20201118,1646,149,Category 03,31.27,26.52,15.2,45,53,18.2,40,18.29,584,436
20201126,1160,76,Category 05,41.58,25.23,39.3,65,103,59.0,20,22.03,1270,329
20200308,1302,1,Category 07,57.81,49.27,14.8,38,46,22.2,46,29.23,1086,921
20201005,303,155,Category 01,43.84,33.82,22.9,47,59,27.4,28,22.82,987,649
20200919,273,111,Category 04,60.19,53.05,11.9,66,77,17.8,23,28.95,2061,1855
20200525,164,1,Category 07,54.84,34.46,37.2,61,95,55.7,33,29.23,1562,496
20200301,1646,107,Category 10,48.13,34.71,27.9,40,56,41.8,16,25.22,916,531
20201224,232,46,Category 04,51.01,32.88,35.5,70,107,53.3,50,24.88,1829,856
20200909,600,149,Category 03,29.41,24.09,18.1,64,77,21.7,44,18.29,711,446
20200720,1329,149,Category 03,30.97,22.53,27.2,35,46,32.7,42,18.29,443,195
20200927,1556,148,Category 03,32.09,27.87,13.1,45,52,15.8,29,19.46,568,437
20200613,1232,76,Category 05,38.44,30.89,19.6,25,32,29.5,49,22.03,410,283
20200310,303,110,Category 02,65.53,48.49,26.0,35,48,39.0,42,33.7,1114,709
20201119,485,154,Category 01,48.03,37.46,22.0,74,93,26.4,42,27.57,1514,919
20200126,1311,67,Category 05,37.47,32.98,12.0,37,43,18.0,52,20.88,613,520
20201208,373,154,Category 01,52.56,36.11,31.3,68,93,37.6,34,27.57,1699,794
20200416,339,110,Category 02,73.54,49.61,32.5,16,23,48.8,15,33.7,637,365
20200607,545,154,Category 01,48.17,30.39,36.9,23,33,44.3,50,27.57,473,93
20200920,1925,46,Category 04,49.65,33.02,33.5,52,78,50.2,21,24.88,1288,634
20201010,1589,155,Category 01,39.43,31.21,20.8,70,87,25.0,53,22.82,1162,729
20200215,1392,2,Category 01,29.25,24.4,16.6,62,74,19.9,41,15.99,822,622
20200428,1354,76,Category 05,39.65,28.02,29.3,68,97,44.0,43,22.03,1198,581
20200619,1763,3,Category 01,41.9,33.61,19.8,45,55,23.7,48,22.1,890,633
20200820,1013,111,Category 04,55.27,43.77,20.8,67,87,31.2,49,28.95,1763,1289
20200630,1830,64,Category 01,58.9,51.25,13.0,49,56,15.6,54,32.22,1307,1065
20201010,334,110,Category 02,68.16,42.4,37.8,39,61,56.7,35,33.7,1343,530
20200102,1311,67,Category 05,37.29,24.09,35.4,56,85,53.1,31,20.88,918,272
20200126,171,149,Category 03,29.17,21.35,26.8,60,79,32.2,14,18.29,652,241
20200128,1712,83,Category 05,57.09,47.39,17.0,20,25,25.5,22,31.61,509,394
20200802,1328,2,Category 01,30.55,18.41,39.7,60,88,47.7,43,15.99,873,212
20201008,999,57,Category 04,67.63,58.55,13.4,61,73,20.1,15,34.92,1995,1724
20200728,1354,6,Category 06,62.96,48.28,23.3,69,93,35.0,42,32.93,2072,1427
20200425,1425,46,Category 04,46.7,28.81,38.3,36,56,57.5,41,24.88,785,220
20200723,579,6,Category 06,64.72,57.71,10.8,53,61,16.2,46,32.93,1684,1511
20200531,1161,154,Category 01,54.93,42.77,22.1,29,36,26.6,35,27.57,793,547
20201124,545,149,Category 03,32.38,20.12,37.9,34,49,45.4,48,18.29,479,89
20201127,1013,46,Category 04,51.16,38.33,25.1,52,71,37.6,25,24.88,1366,954
20200812,1425,46,Category 04,49.94,41.28,17.4,73,91,26.0,52,24.88,1829,1492
20200917,603,39,Category 06,45.39,37.26,17.9,25,31,26.9,51,22.8,564,448
20200701,871,149,Category 03,31.23,27.25,12.7,44,50,15.3,36,18.29,569,448
20200418,904,110,Category 02,74.09,48.24,34.9,21,31,52.3,15,33.7,848,450
20200821,1830,57,Category 04,64.07,56.82,11.3,18,21,17.0,31,34.92,524,459
20200331,865,39,Category 06,40.5,28.19,30.4,64,93,45.6,17,22.8,1132,501
20200412,1208,83,Category 05,60.63,36.55,39.7,55,87,59.6,39,31.61,1596,429
20200801,63,111,Category 04,54.53,47.11,13.6,44,52,20.4,40,28.95,1125,944
20201210,1094,76,Category 05,39.45,33.93,14.0,29,35,21.0,19,22.03,505,416
20200314,371,1,Category 07,53.38,36.09,32.4,45,66,48.6,43,29.23,1086,452
20201113,371,6,Category 06,59.16,48.55,17.9,28,35,26.9,55,32.93,734,546
20200111,485,46,Category 04,47.91,32.51,32.1,22,32,48.2,40,24.88,506,244
20200128,508,149,Category 03,33.26,28.52,14.3,20,23,17.1,43,18.29,299,235
20200404,1712,39,Category 06,43.79,29.35,33.0,42,62,49.5,46,22.8,881,406
20200214,1182,155,Category 01,45.12,40.52,10.2,42,47,12.2,47,22.82,936,831
20200625,397,52,Category 06,37.93,25.22,33.5,19,28,50.3,52,20.74,326,125
20200328,1020,3,Category 01,38.23,24.31,38.1,57,81,43.7,19,22.1,919,179
20201029,1937,3,Category 01,40.59,25.19,37.9,20,29,45.5,28,22.1,369,89
20200220,1537,64,Category 01,63.35,43.15,31.9,71,98,38.3,20,32.22,2210,1071
20200928,1329,3,Category 01,42.68,26.25,38.5,59,86,46.2,28,22.1,1214,356
20200924,574,46,Category 04,47.7,38.55,19.2,51,65,28.8,34,24.88,1163,888
20201218,1208,7,Category 06,61.7,51.64,16.3,53,65,24.5,19,33.79,1479,1160
20201002,679,52,Category 06,38.26,27.92,27.0,26,36,40.5,42,20.74,455,258
20200808,1937,154,Category 01,54.15,45.47,16.0,42,50,19.2,25,27.57,1116,894
20200804,209,111,Category 04,58.4,48.86,16.3,27,33,24.5,43,28.95,795,657
20200206,1838,76,Category 05,43.94,38.21,13.0,69,82,19.6,44,22.03,1511,1326
20200118,1843,1,Category 07,54.95,33.89,38.3,53,83,57.5,19,29.23,1363,386
20200513,1101,110,Category 02,70.67,51.04,27.8,32,45,41.7,31,33.7,1183,780
20200901,1634,8,Category 05,61.02,39.54,35.2,59,90,52.8,49,31.14,1762,755
20200208,614,67,Category 05,41.25,25.43,38.4,55,86,57.5,46,20.88,1120,391
20200312,1589,2,Category 01,30.43,25.36,16.7,22,26,20.0,48,15.99,317,243
20201004,1208,52,Category 06,40.58,26.73,34.1,23,34,51.2,42,20.74,456,203
20200831,1329,39,Category 06,40.71,27.92,31.4,43,63,47.1,55,22.8,770,322
20200720,1838,46,Category 04,51.11,41.52,18.8,19,24,28.1,31,24.88,498,399
20200705,1020,76,Category 05,42.88,35.62,16.9,28,35,25.4,24,22.03,583,475
20200527,721,154,Category 01,51.73,38.85,24.9,20,25,29.9,50,27.57,483,282
20200730,486,7,Category 06,63.87,47.52,25.6,63,87,38.4,33,33.79,1895,1194
20200111,545,111,Category 04,55.14,47.49,13.9,65,78,20.8,26,28.95,1702,1446
20201107,904,6,Category 06,59.72,45.21,24.3,61,83,36.4,30,32.93,1634,1019
20200511,338,2,Category 01,31.4,28.08,10.6,39,43,12.7,54,15.99,600,519
20201225,178,154,Category 01,48.37,33.86,30.0,20,27,36.0,28,27.57,415,169
20201123,1452,2,Category 01,31.84,22.31,29.9,35,47,35.9,18,15.99,554,297
20200826,625,52,Category 06,36.47,24.24,33.5,35,52,50.3,19,20.74,550,182
20200413,930,6,Category 06,58.98,47.87,18.8,56,71,28.3,48,32.93,1458,1060
20200615,1616,6,Category 06,59.45,38.72,34.9,69,105,52.3,26,32.93,1829,607
20200930,209,107,Category 10,48.62,30.09,38.1,17,26,57.2,34,25.22,397,126
20200223,63,148,Category 03,34.55,23.05,33.3,69,96,39.9,25,19.46,1041,344
20200822,1763,148,Category 03,32.59,28.57,12.3,41,47,14.8,39,19.46,538,428
20201129,508,148,Category 03,32.64,27.38,16.1,34,40,19.3,42,19.46,448,316
20201126,1587,8,Category 05,59.92,47.7,20.4,33,43,30.6,54,31.14,949,712
20201030,978,155,Category 01,42.54,29.87,29.8,54,73,35.7,51,22.82,1064,514
20200821,1857,6,Category 06,61.61,42.12,31.6,15,22,47.5,30,32.93,430,202
20200825,303,153,Category 02,81.2,58.73,27.7,38,53,41.5,42,40.66,1540,957
20200929,790,76,Category 05,43.21,38.6,10.7,73,84,16.0,16,22.03,1546,1391
20201010,567,148,Category 03,34.62,21.41,39.5,67,97,45.8,33,19.46,1015,189
20200624,1925,154,Category 01,48.87,32.44,33.6,53,74,40.3,25,27.57,1128,360
20200530,1625,153,Category 02,81.44,61.14,24.9,71,97,37.4,30,40.66,2895,1986
20200328,865,46,Category 04,45.53,32.41,28.8,78,111,43.2,35,24.88,1610,835
20200112,1329,83,Category 05,58.7,40.62,30.8,27,39,46.2,50,31.61,731,351
20200721,1510,46,Category 04,45.94,38.07,17.1,48,60,25.7,31,24.88,1010,791
20200630,1027,1,Category 07,57.8,41.11,28.9,36,51,43.3,40,29.23,1028,605
20200627,273,64,Category 01,60.31,44.44,26.3,34,44,31.6,45,32.22,955,537
20200322,485,6,Category 06,62.79,55.35,11.8,44,51,17.8,52,32.93,1313,1143
20200823,1327,148,Category 03,34.96,26.08,25.4,62,80,30.5,29,19.46,961,529
20200111,397,155,Category 01,40.19,25.1,39.6,40,58,45.1,36,22.82,694,132
20200615,1830,6,Category 06,64.75,38.98,39.8,33,52,59.7,52,32.93,1050,314
20201022,600,39,Category 06,44.21,39.66,10.3,76,87,15.4,50,22.8,1627,1466
20201220,210,46,Category 04,46.46,35.85,22.8,73,98,34.3,47,24.88,1575,1075
20201204,339,149,Category 03,32.15,22.93,28.7,60,80,34.4,54,18.29,831,371
20201128,531,154,Category 01,48.5,33.96,30.0,71,96,36.0,38,27.57,1486,613
20201010,1459,46,Category 04,48.11,41.69,13.3,65,78,20.0,22,24.88,1509,1311
20200925,1843,1,Category 07,56.5,46.89,17.0,15,18,25.5,27,29.23,409,317
20200422,1392,57,Category 04,67.02,55.83,16.7,37,46,25.0,53,34.92,1187,961
20200920,1452,155,Category 01,41.02,35.24,14.1,23,26,16.9,33,22.82,418,322
20200623,625,1,Category 07,51.57,32.15,38.0,31,48,56.5,31,29.23,692,140
20200125,171,149,Category 03,28.97,24.1,16.8,67,80,20.2,28,18.29,715,464
20200720,1937,148,Category 03,31.23,22.04,29.4,44,59,35.3,14,19.46,517,152
20200214,1027,6,Category 06,64.49,48.37,25.0,79,108,37.5,17,32.93,2493,1667
20200825,508,149,Category 03,32.16,22.79,29.1,70,94,35.0,48,18.29,970,423
20200730,1858,39,Category 06,40.17,31.88,20.6,67,87,31.0,43,22.8,1163,789
20200722,1328,107,Category 10,49.19,41.4,15.8,60,74,23.8,30,25.22,1438,1197
20200508,1068,46,Category 04,49.58,30.25,39.0,28,44,58.5,25,24.88,691,236
20200226,1329,7,Category 06,58.91,37.17,39.6,51,79,55.4,38,33.79,1281,267
20200131,1259,67,Category 05,36.54,24.04,34.2,25,37,51.3,33,20.88,391,116
20200403,545,76,Category 05,41.46,34.92,15.8,36,44,23.7,47,22.03,699,567
20200310,875,148,Category 03,33.18,28.76,13.3,71,82,16.0,24,19.46,974,762
20201111,1160,3,Category 01,41.2,35.43,14.0,75,87,16.8,31,22.1,1432,1159
20200219,1540,52,Category 06,37.98,24.39,35.8,61,93,53.7,39,20.74,1051,339
20200806,249,153,Category 02,83.8,65.59,21.7,46,60,32.6,22,40.66,1984,1495
20200727,1328,111,Category 04,55.58,35.82,35.5,65,99,53.3,36,28.95,1730,680
20200414,930,8,Category 05,55.07,44.03,20.0,73,94,30.1,27,31.14,1746,1211
20200201,1712,155,Category 01,41.04,27.68,32.5,24,33,39.1,41,22.82,437,160
20200308,603,8,Category 05,61.5,44.17,28.2,72,102,42.3,48,31.14,2185,1329
20200213,210,153,Category 02,77.79,67.02,13.8,40,48,20.8,41,40.66,1485,1265
20200613,1452,57,Category 04,64.28,44.36,31.0,17,24,46.5,22,34.92,499,226
20200203,1763,155,Category 01,42.04,36.61,12.9,72,83,15.5,31,22.82,1383,1144
20200608,574,155,Category 01,44.98,37.17,17.4,37,44,20.8,47,22.82,819,631
20200522,1589,67,Category 05,37.24,27.03,27.4,55,77,41.1,34,20.88,899,473
20200706,1459,3,Category 01,40.48,30.73,24.1,56,72,28.9,55,22.1,1029,621
20201215,633,1,Category 07,52.05,40.17,22.8,20,26,34.2,50,29.23,456,284
20200612,232,3,Category 01,41.6,33.76,18.9,66,80,22.6,27,22.1,1287,932
20200925,1302,83,Category 05,56.43,41.68,26.1,60,83,39.2,18,31.61,1489,835
20200412,232,39,Category 06,44.76,31.16,30.4,22,32,45.6,28,22.8,483,267
20201120,1763,110,Category 02,67.96,59.43,12.5,34,40,18.8,24,33.7,1164,1029
20200804,425,64,Category 01,62.22,41.25,33.7,65,91,40.4,41,32.22,1950,821
20200718,633,6,Category 06,62.18,46.54,25.2,30,41,37.7,50,32.93,877,558
20200511,1027,6,Category 06,62.77,47.56,24.2,76,103,36.3,29,32.93,2267,1506
20200515,508,148,Category 03,32.83,22.19,32.4,57,79,38.9,34,19.46,762,215
20201207,1160,153,Category 02,81.42,59.68,26.7,50,70,40.1,36,40.66,2038,1331
20200302,337,8,Category 05,60.56,53.12,12.3,39,46,18.4,22,31.14,1147,1011
20200209,865,57,Category 04,70.2,47.46,32.4,42,62,48.6,48,34.92,1481,777
20200606,579,7,Category 06,61.24,40.95,33.1,24,35,49.7,51,33.79,658,250
20200427,625,7,Category 06,63.35,50.34,20.5,55,71,30.8,48,33.79,1625,1175
20200916,1328,154,Category 01,52.55,44.88,14.6,76,89,17.5,27,27.57,1898,1540
20200809,338,64,Category 01,59.95,49.99,16.6,16,19,19.9,47,32.22,443,337
20200506,1763,39,Category 06,44.94,30.23,32.7,61,90,49.1,31,22.8,1350,668
20200122,1020,67,Category 05,41.66,31.28,24.9,59,81,37.4,28,20.88,1226,842
20201011,978,46,Category 04,51.41,39.96,22.3,62,82,33.4,49,24.88,1644,1236
20200320,1392,6,Category 06,60.99,48.74,20.1,63,81,30.1,22,32.93,1767,1280
20200517,871,148,Category 03,32.05,28.56,10.9,21,23,13.1,44,19.46,264,209
20200924,1858,107,Category 10,44.34,39.89,10.0,50,57,15.1,47,25.22,956,836
20200131,1925,1,Category 07,57.52,42.63,25.9,54,74,38.8,29,29.23,1527,991
20200922,930,111,Category 04,59.78,52.35,12.4,48,56,18.6,47,28.95,1479,1310
20200904,1763,64,Category 01,62.77,38.57,38.6,61,89,46.3,39,32.22,1863,565
20200926,614,7,Category 06,59.38,40.95,31.0,66,96,46.6,37,33.79,1688,687
20200301,1625,1,Category 07,51.43,37.15,27.8,68,96,41.6,45,29.23,1509,760
20200622,531,52,Category 06,41.17,33.49,18.6,64,81,28.0,17,20.74,1307,1032
20200702,1858,155,Category 01,42.4,25.98,38.7,51,74,46.5,23,22.82,998,233
20200608,338,111,Category 04,55.53,35.28,36.5,42,64,54.7,34,28.95,1116,405
20201202,579,149,Category 03,30.1,24.88,17.3,50,60,20.8,42,18.29,590,395
20201216,1710,57,Category 04,66.53,46.9,29.5,54,77,44.3,30,34.92,1706,922
20200629,1020,57,Category 04,70.03,56.35,19.5,15,19,29.3,17,34.92,526,407
20200916,865,57,Category 04,63.87,55.95,12.4,70,83,18.6,23,34.92,2026,1745
20200626,1857,148,Category 03,31.83,25.33,20.4,43,53,24.5,51,19.46,531,311
20201214,1425,110,Category 02,65.27,57.12,12.5,43,51,18.7,27,33.7,1357,1194
20200215,567,148,Category 03,32.84,26.52,19.3,66,81,23.1,46,19.46,883,571
20200808,1459,149,Category 03,29.51,20.12,39.4,57,78,38.2,34,18.29,639,142
20200704,790,6,Category 06,60.05,37.28,37.9,78,122,56.9,33,32.93,2115,530
20200622,625,67,Category 05,38.8,25.65,33.9,49,73,50.8,53,20.88,878,348
20201214,1101,67,Category 05,39.25,24.53,37.5,49,76,56.3,53,20.88,900,277
20201016,1259,110,Category 02,72.22,50.38,30.2,56,81,45.4,52,33.7,2157,1351
20200817,1616,67,Category 05,38.72,30.06,22.4,63,84,33.5,49,20.88,1123,771
20200819,633,3,Category 01,43.25,27.28,36.9,22,31,44.3,28,22.1,465,160
20200716,63,6,Category 06,65.25,55.75,14.6,58,70,21.8,29,32.93,1874,1597
20201125,1182,52,Category 06,40.32,26.9,33.3,57,85,49.9,47,20.74,1116,523
20200213,871,6,Category 06,57.12,49.21,13.8,73,88,20.8,34,32.93,1765,1432
20200610,171,39,Category 06,40.91,32.45,20.7,71,93,31.0,19,22.8,1285,897
20200327,1646,83,Category 05,60.1,37.97,36.8,40,62,55.2,18,31.61,1139,394
20200228,209,154,Category 01,48.23,30.33,39.5,44,63,44.5,41,27.57,909,173
20200618,485,154,Category 01,48.2,34.12,29.2,53,71,35.1,32,27.57,1093,465
20200629,377,107,Category 10,46.26,30.74,33.5,55,82,50.3,19,25.22,1157,452
20200825,1634,83,Category 05,56.85,35.55,37.5,47,73,56.2,43,31.61,1186,287
20200506,1712,1,Category 07,50.52,39.82,21.2,28,36,31.8,18,29.23,596,381
20200130,508,154,Category 01,50.76,37.7,25.7,59,77,30.9,46,27.57,1368,780
20200327,625,8,Category 05,59.15,42.4,28.3,32,45,42.5,14,31.14,896,506
20200426,425,153,Category 02,87.29,60.59,30.6,32,46,45.9,35,40.66,1492,916
20200115,1925,111,Category 04,53.35,38.88,27.1,38,53,40.7,47,28.95,927,526
20200715,904,83,Category 05,58.96,38.88,34.1,21,31,51.1,45,31.61,574,225
20200602,1540,52,Category 06,35.86,22.81,37.1,22,34,54.6,38,20.74,332,70
20200530,625,7,Category 06,62.34,47.12,24.4,77,105,36.6,28,33.79,2198,1399
20200531,1587,153,Category 02,88.52,67.75,23.5,34,45,35.2,27,40.66,1627,1219
20201025,371,83,Category 05,59.81,53.69,10.2,30,34,15.3,34,31.61,846,750
20200827,232,107,Category 10,46.73,33.26,28.8,72,103,43.2,14,25.22,1548,828
20200911,1327,3,Category 01,38.86,31.76,18.3,39,47,21.9,54,22.1,653,454
20200901,1712,154,Category 01,53.92,46.11,14.5,34,39,17.4,55,27.57,895,723
20201006,232,76,Category 05,39.98,26.17,34.5,23,34,51.8,31,22.03,412,140
20200919,1838,83,Category 05,56.72,45.0,20.7,33,43,31.0,42,31.61,828,575
20201029,567,148,Category 03,32.43,21.41,36.4,24,33,40.8,34,19.46,311,64
20201007,98,76,Category 05,42.22,31.96,24.3,75,102,36.5,30,22.03,1514,1012
20201225,273,2,Category 01,30.19,21.88,27.5,77,102,33.0,43,15.99,1093,600
20200128,1625,155,Category 01,42.55,33.79,20.6,55,68,24.7,15,22.82,1085,745
20200402,209,52,Category 06,41.25,27.4,33.6,26,39,50.4,20,20.74,533,259
20201224,273,3,Category 01,39.6,34.76,12.2,63,72,14.7,39,22.1,1102,911
20201019,1936,107,Category 10,44.75,34.7,22.5,24,32,33.7,47,25.22,468,303
20200519,1936,155,Category 01,44.96,31.17,30.7,25,34,36.8,21,22.82,553,283
20200429,1625,39,Category 06,43.26,36.38,15.9,40,49,23.9,38,22.8,818,665
20201110,339,52,Category 06,38.08,29.05,23.7,77,104,35.6,52,20.74,1335,864
20200116,567,64,Category 01,58.42,50.46,13.6,55,63,16.4,15,32.22,1441,1149
20200518,338,46,Category 04,46.56,41.79,10.2,17,19,15.4,18,24.88,368,321
20201024,1936,76,Category 05,38.55,33.69,12.6,51,60,18.9,30,22.03,842,699
20200910,1646,64,Category 01,61.93,37.49,39.5,15,22,47.4,22,32.22,445,115
20200816,1283,76,Category 05,42.69,28.87,32.4,51,75,48.6,32,22.03,1053,513
20201222,63,67,Category 05,41.54,28.41,31.6,52,76,47.4,42,20.88,1074,572
20201025,486,7,Category 06,60.64,41.72,31.2,67,98,46.8,43,33.79,1798,777
20200921,1094,2,Category 01,28.35,25.46,10.2,70,78,12.2,17,15.99,865,738
20201130,1208,6,Category 06,59.38,50.64,14.7,75,91,22.1,41,32.93,1983,1611
20200821,1822,46,Category 04,45.5,32.17,29.3,45,64,43.9,53,24.88,927,466
20200903,1161,155,Category 01,42.02,31.96,23.9,36,46,28.7,31,22.82,691,420
20200615,1354,154,Category 01,48.1,37.34,22.4,51,64,26.8,16,27.57,1047,625
20200509,1161,83,Category 05,58.99,41.8,29.1,74,106,43.7,50,31.61,2026,1080
20201117,164,107,Category 10,44.16,33.98,23.0,59,79,34.6,16,25.22,1117,692
20201104,1354,155,Category 01,43.57,34.05,21.8,17,21,26.2,28,22.82,352,235
20200406,339,8,Category 05,55.69,40.36,27.5,33,46,41.3,37,31.14,810,424
20200527,164,107,Category 10,44.49,32.9,26.0,69,95,39.1,32,25.22,1329,729
20200906,397,149,Category 03,32.98,24.07,27.0,69,91,32.4,29,18.29,1013,525
20200617,1327,149,Category 03,30.3,23.31,23.1,18,22,27.7,29,18.29,216,110
20201018,164,107,Category 10,46.1,38.52,16.4,18,22,24.7,31,25.22,375,292
20200902,1556,83,Category 05,59.28,45.86,22.6,28,37,34.0,36,31.61,774,527
20200727,1354,148,Category 03,30.89,21.45,30.6,73,99,36.7,29,19.46,834,197
20200907,1302,7,Category 06,59.79,45.73,23.5,68,91,35.3,19,33.79,1768,1086
20200826,1843,39,Category 06,41.4,35.82,13.5,45,54,20.2,50,22.8,836,703
20200708,904,155,Category 01,44.71,29.85,33.2,62,86,39.9,45,22.82,1357,604
20200117,1616,8,Category 05,62.16,51.55,17.1,59,74,25.6,33,31.14,1830,1510
20200807,603,111,Category 04,59.32,48.56,18.1,32,40,27.2,27,28.95,971,784
20201021,1646,57,Category 04,67.63,42.97,36.5,32,49,54.7,34,34.92,1046,394
20201205,1925,6,Category 06,57.63,51.67,10.4,43,49,15.5,52,32.93,1062,918
20200510,339,3,Category 01,43.51,33.84,22.2,74,93,26.7,51,22.1,1584,1091
20200705,178,7,Category 06,59.54,37.18,37.6,50,78,56.3,18,33.79,1287,264
20200919,999,8,Category 05,60.48,49.6,18.0,65,82,27.0,16,31.14,1907,1513
20200914,210,107,Category 10,49.55,37.23,24.9,58,79,37.3,49,25.22,1411,948
20201027,337,8,Category 05,60.24,46.89,22.2,59,78,33.2,25,31.14,1716,1228
20200607,1068,39,Category 06,43.03,30.0,30.3,74,107,45.4,39,22.8,1497,770
20200121,1452,76,Category 05,39.19,32.56,16.9,38,47,25.4,37,22.03,652,494
20201003,303,3,Category 01,43.22,35.43,18.0,26,31,21.6,18,22.1,549,413
20200805,1616,155,Category 01,42.13,27.25,35.3,30,42,42.4,16,22.82,579,186
20200916,164,83,Category 05,62.57,46.27,26.1,23,31,39.1,22,31.61,712,454
20200501,625,8,Category 05,59.23,48.93,17.4,21,26,26.1,19,31.14,589,462
20200710,1425,57,Category 04,66.6,53.82,19.2,24,30,28.8,22,34.92,760,567
20200702,1843,67,Category 05,41.47,30.14,27.3,45,63,41.0,36,20.88,926,583
20200911,1013,39,Category 06,41.27,27.51,33.3,38,57,50.0,14,22.8,701,268
20200124,1936,6,Category 06,59.61,53.31,10.6,33,38,15.9,20,32.93,880,774
20200630,1392,83,Category 05,62.19,42.59,31.5,79,116,47.3,24,31.61,2415,1273
20200721,1634,148,Category 03,34.41,27.38,20.4,33,41,24.5,27,19.46,493,324
20200304,1587,3,Category 01,42.0,26.49,36.9,41,59,44.3,35,22.1,815,259
20200610,1537,39,Category 06,42.35,36.95,12.7,50,59,19.1,29,22.8,977,834
20200831,545,153,Category 02,83.63,50.85,39.2,32,50,58.8,18,40.66,1375,509
20200320,164,39,Category 06,43.82,28.23,35.6,78,119,53.4,28,22.8,1639,646
20200404,337,1,Category 07,50.93,40.04,21.4,17,22,32.1,48,29.23,368,237
20200629,1328,6,Category 06,56.98,43.79,23.1,42,56,34.7,27,32.93,1010,608
20200610,485,83,Category 05,56.29,35.85,36.3,51,78,54.5,55,31.61,1258,330
20200116,210,154,Category 01,50.55,43.33,14.3,53,62,17.1,55,27.57,1217,977
20200123,1857,111,Category 04,57.71,37.82,34.5,16,24,51.7,14,28.95,460,212
20201009,171,2,Category 01,27.98,23.07,17.5,24,29,21.1,54,15.99,287,205
20200612,545,57,Category 04,65.57,58.98,10.0,61,70,15.1,37,34.92,1869,1684
20200531,1616,52,Category 06,35.9,28.86,19.6,23,29,29.4,41,20.74,348,235
20201023,1936,7,Category 06,61.01,53.39,12.5,46,54,18.7,47,33.79,1252,1058
20200516,249,3,Category 01,42.36,34.92,17.6,52,62,21.1,50,22.1,1053,794
20201204,1393,64,Category 01,62.46,51.51,17.5,27,32,21.0,18,32.22,816,617
20200625,381,111,Category 04,60.7,51.39,15.3,66,81,23.0,24,28.95,2095,1817
20200809,1616,154,Category 01,50.76,31.47,38.0,46,66,45.6,27,27.57,1066,257
20200514,1646,153,Category 02,88.71,58.75,33.8,73,109,50.7,53,40.66,3507,1971
20201208,206,7,Category 06,65.53,54.96,16.1,33,40,24.2,48,33.79,1047,846
20200520,508,6,Category 06,64.64,41.4,35.9,34,52,53.9,53,32.93,1078,440
20201107,377,6,Category 06,59.97,43.3,27.8,27,38,41.7,42,32.93,730,394
20201211,1540,107,Category 10,44.19,36.57,17.2,24,30,25.9,40,25.22,455,340
20200410,1094,2,Category 01,29.79,22.97,22.9,22,28,27.5,32,15.99,303,195
20200331,232,52,Category 06,36.97,22.82,38.3,33,51,57.4,42,20.74,535,106
20200910,1763,155,Category 01,43.04,37.54,12.8,21,24,15.3,24,22.82,424,353
20201127,249,148,Category 03,32.13,21.41,38.1,23,32,40.0,54,19.46,291,62
20200703,1925,57,Category 04,65.63,39.51,39.8,41,65,59.7,48,34.92,1259,298
20200718,1302,76,Category 05,41.43,31.1,24.9,65,89,37.4,24,22.03,1261,807
20200306,1616,46,Category 04,45.51,38.26,15.9,71,87,23.9,22,24.88,1464,1164
20200403,1232,46,Category 04,46.07,37.99,17.5,45,56,26.3,25,24.88,953,734
20201121,579,148,Category 03,32.65,21.41,38.0,65,91,41.3,54,19.46,857,177
20200702,1540,6,Category 06,64.41,47.24,26.7,41,57,40.0,32,32.93,1290,815
20200429,1763,8,Category 05,56.8,47.78,15.9,79,97,23.8,30,31.14,2027,1614
20201017,232,57,Category 04,64.87,42.42,34.6,24,36,51.9,37,34.92,718,270
20200203,1164,111,Category 04,54.65,37.19,31.9,23,34,47.9,51,28.95,591,280
20200510,790,153,Category 02,80.59,59.92,25.6,27,37,38.5,24,40.66,1078,712
20200503,1843,3,Category 01,40.78,25.09,38.5,49,71,46.2,48,22.1,915,212
20200314,1068,1,Category 07,57.93,40.8,29.6,16,23,44.4,26,29.23,459,266
20200423,790,153,Category 02,80.68,64.64,19.9,36,46,29.8,26,40.66,1440,1103
20200923,1459,148,Category 03,34.55,22.72,34.3,38,53,41.1,30,19.46,573,172
20200122,1925,149,Category 03,31.15,26.46,15.0,70,82,18.1,43,18.29,900,669
20201219,338,39,Category 06,40.71,26.66,34.5,62,94,51.8,40,22.8,1110,362
20200206,574,154,Category 01,49.2,36.82,25.2,27,35,30.2,26,27.57,584,323
20201010,1208,39,Category 06,41.97,33.67,19.8,54,70,29.7,14,22.8,1035,760
20200119,875,46,Category 04,50.28,31.92,36.5,32,49,54.8,28,24.88,812,344
20200428,625,6,Category 06,62.79,44.92,28.5,47,67,42.7,51,32.93,1403,803
20201210,1710,111,Category 04,58.56,44.36,24.3,70,95,36.4,23,28.95,2072,1463
20200928,904,2,Category 01,31.71,27.15,14.4,68,79,17.3,41,15.99,1068,881
20200831,665,83,Category 05,62.85,46.25,26.4,51,71,39.6,29,31.61,1593,1039
20200409,1020,76,Category 05,38.07,32.3,15.1,23,28,22.7,47,22.03,368,287
20201009,1020,8,Category 05,57.66,49.24,14.6,75,91,21.9,35,31.14,1988,1647
20200216,930,7,Category 06,60.76,44.21,27.2,52,73,40.9,44,33.79,1402,760
20200224,63,149,Category 03,30.44,20.12,35.7,24,33,40.7,23,18.29,291,60
20201012,545,7,Category 06,66.97,46.03,31.3,33,48,46.9,53,33.79,1094,587
20200517,303,3,Category 01,42.06,26.46,37.1,34,49,44.5,26,22.1,678,213
20200521,1537,6,Category 06,61.94,45.49,26.6,19,26,39.8,44,32.93,551,326
20201022,1625,107,Category 10,45.4,40.22,11.4,19,22,17.1,28,25.22,383,330
20200622,603,107,Category 10,45.56,36.24,20.5,23,30,30.7,46,25.22,467,330
20200114,371,64,Category 01,62.29,41.02,34.1,68,95,41.0,18,32.22,2044,836
20200519,603,57,Category 04,70.26,52.63,25.1,36,49,37.6,19,34.92,1272,867
20200713,871,7,Category 06,66.29,55.28,16.6,62,77,24.9,38,33.79,2015,1654
20200805,1838,107,Category 10,49.23,29.93,39.2,69,109,58.8,50,25.22,1656,513
20200915,486,153,Category 02,89.06,66.2,25.7,30,41,38.5,48,40.66,1452,1047
20200430,1354,67,Category 05,40.29,33.88,15.9,22,27,23.9,50,20.88,427,351
20200210,904,154,Category 01,50.11,30.33,39.7,70,103,47.4,36,27.57,1577,284
20200629,679,83,Category 05,61.03,49.53,18.8,21,26,28.3,53,31.61,617,465
20201027,1843,2,Category 01,29.87,26.11,12.6,67,77,15.1,15,15.99,929,779
20200117,1020,154,Category 01,51.68,35.71,30.9,73,100,37.1,42,27.57,1760,814
20201031,1302,149,Category 03,32.71,29.43,10.0,73,81,12.0,55,18.29,1052,902
20200517,790,39,Category 06,39.6,25.17,36.4,70,108,54.7,19,22.8,1176,255
20200625,1161,154,Category 01,52.75,37.84,28.3,28,37,33.9,43,27.57,705,379
20200829,485,39,Category 06,39.83,27.3,31.5,29,42,47.2,38,22.8,493,189
20200502,98,39,Category 06,40.38,25.08,38.3,52,81,56.8,47,22.8,914,184
20201228,1393,110,Category 02,73.53,54.15,26.4,61,85,39.5,31,33.7,2429,1738
20200114,1537,83,Category 05,57.37,48.19,16.0,66,81,24.0,36,31.61,1700,1342
20200321,1459,111,Category 04,57.45,47.19,17.9,72,91,26.8,51,28.95,2052,1659
20200220,397,3,Category 01,42.55,33.07,22.3,70,88,26.7,26,22.1,1431,965
20200821,273,153,Category 02,87.21,57.15,34.5,74,112,51.7,50,40.66,3444,1846
20200808,1020,57,Category 04,70.58,50.32,28.7,27,38,43.1,15,34.92,962,585
20200716,485,107,Category 10,49.66,34.56,30.4,27,39,45.6,26,25.22,659,364
20200814,1625,39,Category 06,43.93,36.54,16.8,42,52,25.2,54,22.8,887,714
20200704,1858,153,Category 02,81.31,60.63,25.4,34,46,38.2,15,40.66,1382,918
20200331,790,110,Category 02,70.69,48.38,31.6,54,79,47.3,51,33.7,1997,1159
20200111,1858,67,Category 05,37.62,33.48,11.0,38,44,16.5,54,20.88,636,554
20200202,1327,76,Category 05,41.23,36.67,11.1,48,55,16.6,37,22.03,921,805
20200416,164,67,Category 05,41.55,28.01,32.6,37,55,48.9,39,20.88,764,392
20201013,1101,52,Category 06,41.21,26.95,34.6,73,110,51.9,15,20.74,1494,683
20200924,567,7,Category 06,67.25,46.5,30.9,27,39,46.3,28,33.79,903,495
20200405,1392,155,Category 01,42.44,26.9,36.6,56,80,43.9,34,22.82,1098,326
20200227,1329,111,Category 04,54.02,39.36,27.1,21,29,40.7,35,28.95,526,301
20201210,1160,110,Category 02,71.63,59.22,17.3,39,49,26.0,34,33.7,1479,1250
20200410,665,2,Category 01,29.83,26.68,10.6,36,40,12.7,47,15.99,498,427
20201218,600,153,Category 02,82.57,61.96,25.0,61,83,37.4,40,40.66,2556,1767
20200929,381,7,Category 06,64.85,52.1,19.7,52,67,29.5,52,33.79,1615,1226
20200812,614,7,Category 06,62.37,50.55,18.9,79,101,28.4,54,33.79,2257,1692
20201220,1013,52,Category 06,37.6,32.27,14.2,45,54,21.3,31,20.74,758,622
20200907,978,6,Category 06,65.37,58.44,10.6,32,37,15.9,21,32.93,1038,943
20200712,904,67,Category 05,40.75,35.13,13.8,28,33,20.7,45,20.88,556,470
20200405,249,7,Category 06,66.9,54.62,18.3,37,47,27.5,16,33.79,1225,979
20201225,904,83,Category 05,54.82,47.04,14.2,67,81,21.3,48,31.61,1555,1249
20201024,1393,155,Category 01,42.85,37.15,13.3,25,28,16.0,45,22.82,500,401
20200907,1013,46,Category 04,50.27,33.16,34.0,65,98,51.1,30,24.88,1650,811
20201210,508,7,Category 06,67.02,41.19,38.5,49,77,57.8,28,33.79,1628,569
20200411,1822,149,Category 03,29.9,20.69,30.8,70,95,37.0,48,18.29,812,228
20200725,1843,107,Category 10,50.38,32.23,36.0,25,38,54.0,48,25.22,629,266
20200722,1094,149,Category 03,31.01,26.59,14.3,16,18,17.1,33,18.29,203,149
20200724,639,46,Category 04,46.07,34.35,25.4,74,102,38.2,21,24.88,1568,965
20200625,274,76,Category 05,42.36,37.01,12.6,35,41,18.9,35,22.03,711,614
20200213,206,148,Category 03,35.36,25.44,28.1,53,70,33.7,47,19.46,842,418
20201119,1182,3,Category 01,41.76,26.4,36.8,42,60,44.1,40,22.1,825,257
20201204,679,149,Category 03,29.58,26.07,11.9,70,79,14.2,45,18.29,790,614
20200329,1027,3,Category 01,38.78,24.31,37.9,59,85,44.8,34,22.1,984,187
20200302,531,52,Category 06,36.83,27.72,24.7,24,32,37.1,42,20.74,386,223
20200721,98,6,Category 06,65.31,46.89,28.2,70,99,42.3,53,32.93,2266,1382
20201011,1354,155,Category 01,44.13,35.39,19.8,69,85,23.8,21,22.82,1470,1068
20200927,232,8,Category 05,57.8,46.74,19.1,54,69,28.7,26,31.14,1439,1076
20200723,1354,39,Category 06,40.55,34.88,14.0,32,38,21.0,22,22.8,567,459
20200429,1101,154,Category 01,52.49,35.74,31.9,73,100,38.3,26,27.57,1819,817
20200304,508,1,Category 07,55.02,47.68,13.3,70,84,20.0,15,29.23,1805,1549
20200317,98,76,Category 05,43.87,37.24,15.1,15,18,22.7,41,22.03,327,273
20200620,338,3,Category 01,38.71,24.75,36.1,39,55,43.3,33,22.1,647,145
20200818,1510,107,Category 10,49.48,38.4,22.4,33,44,33.6,26,25.22,800,579
20201201,1843,6,Category 06,63.3,50.99,19.4,32,41,29.2,15,32.93,971,740
20201104,679,67,Category 05,41.7,35.35,15.2,59,72,22.8,33,20.88,1228,1041
20200116,1283,107,Category 10,49.11,33.79,31.2,61,89,46.8,40,25.22,1457,762
20200509,978,154,Category 01,49.95,31.03,37.9,27,39,45.5,34,27.57,604,134
20200404,603,67,Category 05,38.75,27.94,27.9,64,90,41.8,15,20.88,1143,635
20201227,1763,3,Category 01,40.51,26.01,35.8,36,51,43.0,33,22.1,662,199
20200321,1857,148,Category 03,34.09,28.74,15.7,45,53,18.8,37,19.46,658,491
20200420,531,6,Category 06,63.6,53.44,16.0,17,21,24.0,19,32.93,521,430
20200327,1625,107,Category 10,50.14,33.67,32.8,78,116,49.3,14,25.22,1943,980
20200318,904,3,Category 01,39.37,33.05,16.1,35,41,19.3,38,22.1,604,448
20200319,1710,6,Category 06,65.74,43.69,33.5,27,40,50.3,41,32.93,885,430
20200301,1540,39,Category 06,44.26,35.87,19.0,20,25,28.4,30,22.8,429,326
20200921,1232,1,Category 07,58.02,37.96,34.6,68,103,51.9,47,29.23,1957,899
20201103,209,64,Category 01,60.38,36.38,39.7,21,31,47.7,44,32.22,591,128
20200217,273,46,Category 04,51.59,34.93,32.3,23,34,48.4,49,24.88,614,341
20200206,600,3,Category 01,39.78,26.56,33.2,46,64,39.9,28,22.1,813,285
20200516,1208,154,Category 01,48.27,38.06,21.1,77,96,25.4,20,27.57,1593,1007
20200224,1587,2,Category 01,30.63,25.55,16.6,37,44,19.9,27,15.99,541,420
20200215,1302,6,Category 06,61.18,41.05,32.9,15,22,49.4,40,32.93,423,178
20200112,1589,110,Category 02,69.26,50.51,27.1,34,47,40.6,50,33.7,1209,790
20200907,531,39,Category 06,42.68,29.96,29.8,68,98,44.7,25,22.8,1351,701
20200430,171,2,Category 01,30.31,21.7,28.4,77,103,34.1,29,15.99,1102,588
20201222,1634,64,Category 01,56.05,48.01,14.3,78,91,17.2,42,32.22,1858,1436
20200610,1208,7,Category 06,59.42,46.54,21.7,37,49,32.5,28,33.79,948,624
20201203,1830,39,Category 06,44.88,33.88,24.5,55,75,36.8,30,22.8,1214,831
20200707,1311,7,Category 06,67.25,53.21,20.9,77,101,31.3,36,33.79,2576,1961
20200528,1013,46,Category 04,52.46,40.99,21.9,36,47,32.8,31,24.88,992,757
20200822,875,52,Category 06,39.66,34.29,13.5,78,93,20.3,42,20.74,1475,1260
20201127,1556,155,Category 01,39.91,33.49,16.1,59,70,19.3,38,22.82,1008,746
20201119,486,83,Category 05,58.57,42.6,27.3,77,108,40.9,55,31.61,2075,1186
20201122,1857,154,Category 01,50.35,38.78,23.0,49,62,27.6,41,27.57,1116,695
20200324,1164,107,Category 10,44.14,39.06,11.5,49,57,17.3,29,25.22,927,788
20200210,875,153,Category 02,78.78,60.98,22.6,65,87,33.9,52,40.66,2477,1767
20200503,63,52,Category 06,40.59,30.19,25.6,52,71,38.4,40,20.74,1032,670
20200929,1068,149,Category 03,31.26,20.12,36.0,28,39,42.8,23,18.29,363,71
20200928,1452,64,Category 01,63.39,42.72,32.6,19,26,39.1,29,32.22,592,273
20200118,639,107,Category 10,49.13,43.35,11.8,22,25,17.6,32,25.22,526,453
20201015,63,7,Category 06,63.48,41.19,35.1,57,87,52.7,30,33.79,1692,643
20200315,600,64,Category 01,56.31,49.59,11.9,71,81,14.3,21,32.22,1710,1406
20200215,1937,148,Category 03,32.7,26.44,19.1,36,44,23.0,20,19.46,476,307
20201115,1712,148,Category 03,33.56,27.12,19.2,46,56,23.0,38,19.46,648,428
20200609,1393,155,Category 01,40.19,25.89,35.6,28,39,42.7,18,22.82,486,119
20200518,1857,8,Category 05,55.36,41.09,25.8,32,44,38.7,24,31.14,775,437
20200712,377,110,Category 02,69.88,56.0,19.9,24,31,29.8,43,33.7,868,691
20200909,1452,1,Category 07,56.8,44.54,21.6,23,30,32.4,50,29.23,634,459
20200725,1232,110,Category 02,70.65,46.71,33.9,78,117,50.8,19,33.7,2882,1522
20200312,1625,39,Category 06,40.18,32.98,17.9,62,78,26.9,45,22.8,1077,794
20200410,381,153,Category 02,80.53,70.22,12.8,15,17,19.2,17,40.66,598,502
20200831,381,3,Category 01,40.47,25.76,36.3,16,22,43.6,33,22.1,293,80
20200716,665,110,Category 02,65.92,42.75,35.2,33,50,52.7,27,33.7,1063,452
20200705,574,7,Category 06,66.43,54.84,17.4,28,35,26.2,25,33.79,913,736
20200809,1232,67,Category 05,36.41,23.55,35.3,26,39,53.0,45,20.88,403,104
20200802,1068,7,Category 06,62.04,44.21,28.7,61,87,43.1,27,33.79,1723,906
20201118,1283,110,Category 02,73.72,47.49,35.6,34,52,53.4,53,33.7,1360,717
20201009,1208,2,Category 01,28.3,20.47,27.7,76,101,33.2,15,15.99,935,452
20201212,665,83,Category 05,56.02,36.94,34.1,66,99,51.1,32,31.61,1611,527
20200823,721,110,Category 02,67.17,59.89,10.8,15,17,16.3,34,33.7,502,445
20201102,1327,8,Category 05,56.03,36.48,34.9,68,103,52.3,45,31.14,1692,550
20200809,98,76,Category 05,42.95,38.44,10.5,77,89,15.8,20,22.03,1610,1460
20200414,1094,57,Category 04,67.99,51.45,24.3,16,21,36.5,19,34.92,529,347
20200212,1925,8,Category 05,54.32,42.74,21.3,62,81,32.0,16,31.14,1437,939
20201122,1027,67,Category 05,39.37,24.11,38.8,41,64,58.1,52,20.88,758,206
20200116,531,67,Category 05,38.1,28.46,25.3,26,35,38.0,49,20.88,447,265
20201112,1712,149,Category 03,32.88,24.93,24.2,48,61,29.0,54,18.29,700,405
20200831,579,154,Category 01,51.14,37.26,27.1,25,33,32.6,44,27.57,589,319
20200126,978,52,Category 06,37.26,29.76,20.1,35,45,30.2,38,20.74,578,405
20200722,210,111,Category 04,54.59,45.48,16.7,77,96,25.0,35,28.95,1974,1586
20200518,371,39,Category 06,40.59,35.44,12.7,16,19,19.0,38,22.8,284,240
20200929,1425,107,Category 10,49.29,41.05,16.7,22,27,25.1,21,25.22,529,427
20200313,371,155,Category 01,43.85,39.04,11.0,39,44,13.2,27,22.82,820,713
20200903,377,153,Category 02,83.18,58.04,30.2,54,78,45.3,23,40.66,2296,1355
20200830,339,107,Category 10,49.8,43.92,11.8,35,41,17.7,48,25.22,860,766
20200515,1459,46,Category 04,51.57,37.57,27.1,45,63,40.7,44,24.88,1201,799
20200310,999,3,Category 01,41.35,33.29,19.5,27,33,23.4,55,22.1,519,369
20200131,1164,107,Category 10,45.54,37.71,17.2,52,65,25.8,45,25.22,1056,811
20200417,574,148,Category 03,33.88,23.79,29.8,76,103,35.7,49,19.46,1095,445
20200520,1302,57,Category 04,72.46,56.81,21.6,67,88,32.4,54,34.92,2515,1926
20200704,1710,52,Category 06,39.12,32.44,17.1,58,72,25.6,30,20.74,1066,842
20200509,679,57,Category 04,73.41,49.05,33.2,26,38,49.8,17,34.92,1000,536
20200726,1556,3,Category 01,40.63,30.65,24.6,25,32,29.5,45,22.1,463,273
20200108,1208,83,Category 05,60.45,54.31,10.1,17,19,15.2,17,31.61,490,431
20200325,485,2,Category 01,30.97,23.22,25.0,22,28,30.0,16,15.99,329,202
20201125,1392,111,Category 04,54.98,35.24,35.9,65,100,53.9,20,28.95,1691,629
20201204,1013,148,Category 03,33.72,24.42,27.6,78,103,33.1,37,19.46,1112,510
20200718,1327,83,Category 05,56.64,39.63,30.0,46,66,45.0,54,31.61,1151,529
20200717,1838,67,Category 05,40.44,34.85,13.8,26,31,20.7,31,20.88,508,433
20200821,679,39,Category 06,42.18,30.87,26.8,27,37,40.2,15,22.8,523,298
20200901,978,8,Category 05,60.83,40.68,33.1,32,47,49.7,15,31.14,950,448
20200127,531,3,Category 01,39.58,24.4,38.3,67,97,46.0,21,22.1,1171,223
20200815,1164,64,Category 01,60.24,37.27,38.1,42,61,45.8,28,32.22,1176,308
20200929,63,64,Category 01,61.45,52.22,15.0,79,93,18.0,17,32.22,2309,1860
20200225,1354,6,Category 06,62.51,41.66,33.4,15,22,50.0,46,32.93,443,192
20200129,1937,110,Category 02,71.86,53.52,25.5,24,33,38.3,34,33.7,915,654
20200525,904,148,Category 03,34.99,23.49,32.9,45,62,39.4,48,19.46,698,249
20201217,1925,148,Category 03,35.19,29.54,16.0,77,91,19.3,26,19.46,1211,917
20201129,1311,3,Category 01,41.22,25.13,39.0,53,77,46.8,35,22.1,1013,233
20200617,371,64,Category 01,59.56,45.56,23.5,48,61,28.2,44,32.22,1312,813
20200511,1589,76,Category 05,38.85,32.96,15.2,61,74,22.7,28,22.03,1026,808
20200323,1589,83,Category 05,60.92,41.94,31.1,17,24,46.7,32,31.61,498,247
20201005,567,107,Category 10,50.21,35.35,29.6,70,101,44.4,34,25.22,1749,1023
20200904,1710,39,Category 06,44.55,30.87,30.7,30,43,46.1,43,22.8,652,347
20200426,397,154,Category 01,51.97,36.32,30.1,71,96,36.1,19,27.57,1732,840
20201228,338,52,Category 06,36.35,23.21,36.1,27,41,54.2,28,20.74,421,101
20200610,1838,57,Category 04,72.79,61.97,14.9,36,44,22.3,39,34.92,1363,1190
20200424,273,2,Category 01,28.09,22.83,18.7,22,26,22.5,48,15.99,266,177
20200121,600,39,Category 06,42.43,36.85,13.1,52,62,19.7,35,22.8,1020,871
20201007,1393,107,Category 10,47.2,39.49,16.3,15,18,24.5,50,25.22,329,256
20201027,397,8,Category 05,55.71,40.95,26.5,76,106,39.7,49,31.14,1867,1039
20200125,1937,111,Category 04,56.02,37.94,32.3,33,48,48.4,23,28.95,893,431
20200613,1160,46,Category 04,51.97,33.5,35.5,58,88,53.3,26,24.88,1571,758
20200101,334,148,Category 03,33.97,23.65,30.4,58,79,36.5,18,19.46,841,331
20201101,639,64,Category 01,63.22,43.92,30.5,17,23,36.6,38,32.22,527,269
20201205,273,8,Category 05,59.7,50.76,15.0,71,86,22.5,37,31.14,2027,1687
20201216,1589,67,Category 05,41.0,24.94,39.2,57,90,58.8,41,20.88,1146,365
20200615,1013,148,Category 03,32.4,24.84,23.3,61,78,28.0,15,19.46,789,419
20200316,1936,6,Category 06,59.24,50.64,14.5,30,36,21.8,35,32.93,789,637
20200905,1354,67,Category 05,39.99,35.57,11.1,73,85,16.6,45,20.88,1395,1248
20200621,486,110,Category 02,71.73,61.37,14.4,61,74,21.7,29,33.7,2319,2047
20201013,337,3,Category 01,40.44,25.97,35.8,54,77,42.9,43,22.1,990,297
20200827,614,149,Category 03,29.75,26.15,12.1,60,68,14.5,40,18.29,687,534
20201026,1182,83,Category 05,60.64,52.82,12.9,25,29,19.3,38,31.61,725,615
20200115,1625,39,Category 06,40.54,27.56,32.0,70,103,48.0,24,22.8,1241,490
20200204,273,148,Category 03,31.22,25.68,17.8,52,63,21.3,30,19.46,611,391
20200901,1452,67,Category 05,36.7,23.76,35.3,68,103,52.9,33,20.88,1075,296
20201120,1843,64,Category 01,57.42,36.09,37.1,53,76,44.6,51,32.22,1335,294
20200906,209,1,Category 07,53.7,32.41,39.7,68,108,59.5,49,29.23,1663,343
20200831,1393,154,Category 01,49.31,37.83,23.3,52,66,27.9,41,27.57,1130,677
20200903,171,83,Category 05,59.59,43.37,27.2,28,39,40.8,36,31.61,783,458
20200720,303,107,Category 10,44.85,39.53,11.9,64,75,17.8,14,25.22,1256,1073
20201024,1712,2,Category 01,31.86,22.15,30.5,79,107,36.6,27,15.99,1253,659
20200922,545,46,Category 04,51.73,36.16,30.1,65,94,45.1,17,24.88,1745,1060
20200817,1857,39,Category 06,42.23,35.3,16.4,68,84,24.6,19,22.8,1321,1049
20200805,1587,111,Category 04,56.99,51.04,10.4,58,67,15.7,29,28.95,1626,1480
20200914,1646,67,Category 05,37.35,24.41,34.7,38,57,52.0,53,20.88,625,201
20200321,1311,153,Category 02,80.29,51.72,35.6,37,56,53.4,35,40.66,1466,619
20201208,1327,46,Category 04,46.89,30.09,35.8,34,52,53.7,51,24.88,748,270
20200112,1354,7,Category 06,66.12,51.4,22.3,40,53,33.4,40,33.79,1293,933
20200802,1625,52,Category 06,36.05,22.88,36.5,73,113,54.8,26,20.74,1117,241
20200328,486,46,Category 04,46.25,31.66,31.6,39,57,47.3,44,24.88,833,386
20200816,574,64,Category 01,59.42,44.86,24.5,25,32,29.4,29,32.22,680,404
20200627,567,2,Category 01,28.01,23.15,17.3,79,95,20.8,51,15.99,949,680
20200721,1101,83,Category 05,60.05,47.37,21.1,24,31,31.7,30,31.61,682,488
20201210,1459,3,Category 01,38.96,27.11,30.4,78,106,36.5,18,22.1,1315,531
20200207,600,107,Category 10,43.58,30.19,30.7,35,51,46.1,55,25.22,642,253
20200409,999,153,Category 02,78.32,55.66,28.9,25,35,43.4,49,40.66,941,525
20201021,531,39,Category 06,42.88,34.8,18.8,26,33,28.3,26,22.8,522,395
20200503,1537,111,Category 04,54.84,47.61,13.2,49,58,19.8,47,28.95,1268,1082
20201026,1925,52,Category 06,39.06,34.49,11.7,57,67,17.5,54,20.74,1044,921
20200817,1101,7,Category 06,61.03,52.41,14.1,37,44,21.2,28,33.79,1007,819
20200402,625,57,Category 04,73.07,44.2,39.5,75,119,59.3,43,34.92,2861,1104
20200403,999,46,Category 04,46.17,33.81,26.8,76,106,40.2,43,24.88,1618,946
20200510,639,149,Category 03,30.49,23.26,23.7,17,21,28.5,30,18.29,207,104
20200706,1392,8,Category 05,55.42,37.16,32.9,33,49,49.4,51,31.14,801,294
20201008,373,153,Category 02,79.42,57.71,27.3,52,73,41.0,39,40.66,2015,1244
20200724,334,149,Category 03,30.33,24.37,19.6,75,92,23.6,17,18.29,902,559
20200704,1646,52,Category 06,40.12,29.73,25.9,71,98,38.8,43,20.74,1375,881
20200112,210,155,Category 01,40.74,29.19,28.3,40,53,34.0,36,22.82,716,337
20200824,579,3,Category 01,39.04,24.38,37.5,15,21,45.1,15,22.1,254,47
20200514,679,107,Category 10,49.16,39.43,19.8,46,59,29.7,41,25.22,1101,838
20201119,273,2,Category 01,28.42,22.85,19.6,26,32,23.5,55,15.99,323,219
20200801,625,7,Category 06,67.56,45.37,32.8,47,70,49.3,23,33.79,1587,810
20200323,274,76,Category 05,42.88,35.56,17.1,51,64,25.6,18,22.03,1063,865
20201216,531,110,Category 02,69.13,44.76,35.2,61,93,52.9,23,33.7,2161,1028
20201128,1311,3,Category 01,40.33,29.06,27.9,35,46,33.5,31,22.1,638,320
20200608,98,149,Category 03,30.17,21.95,27.3,18,23,32.7,14,18.29,213,84
20200424,397,46,Category 04,46.54,36.35,21.9,36,47,32.8,21,24.88,779,539
20200203,790,46,Category 04,48.46,40.58,16.3,75,93,24.4,49,24.88,1768,1460
20200123,273,154,Category 01,47.79,42.45,11.2,52,58,13.4,53,27.57,1051,863
20200420,171,149,Category 03,32.12,20.93,34.8,32,45,41.8,51,18.29,442,118
20201220,871,46,Category 04,51.21,41.83,18.3,41,52,27.5,18,24.88,1079,881
20200830,1925,107,Category 10,49.9,32.51,34.8,17,25,52.3,34,25.22,419,182
20201112,1329,154,Category 01,52.73,47.1,10.7,67,75,12.8,51,27.57,1685,1464
20201128,574,76,Category 05,39.9,35.51,11.0,18,20,16.5,54,22.03,321,269
20201109,1556,7,Category 06,59.19,43.36,26.8,22,30,40.1,51,33.79,558,287
20200421,1452,149,Category 03,29.87,20.39,31.7,16,22,38.1,48,18.29,185,46
20200121,337,83,Category 05,61.01,43.85,28.1,41,58,42.2,41,31.61,1205,709
20201006,178,39,Category 06,45.35,40.64,10.4,77,88,15.6,40,22.8,1736,1569
20200214,1182,57,Category 04,64.57,49.45,23.4,50,67,35.1,35,34.92,1482,973
20200627,1101,111,Category 04,54.14,36.2,33.1,61,91,49.7,46,28.95,1536,659
20201215,1616,7,Category 06,64.62,49.01,24.2,76,103,36.2,55,33.79,2343,1567
20201217,1712,111,Category 04,57.51,42.09,26.8,32,44,40.2,39,28.95,913,578
20200908,978,3,Category 01,42.45,26.78,36.9,22,31,44.3,53,22.1,447,145
20200102,373,67,Category 05,40.29,31.79,21.1,17,22,31.6,55,20.88,329,240
20200602,206,76,Category 05,42.13,36.36,13.7,43,51,20.5,37,22.03,864,730
20200402,871,3,Category 01,40.31,31.51,21.8,70,88,26.2,25,22.1,1274,828
20200523,1822,110,Category 02,68.58,43.51,36.6,63,97,54.8,30,33.7,2197,951
20201119,508,7,Category 06,65.62,53.72,18.1,16,20,27.2,21,33.79,509,398
20200518,1311,107,Category 10,46.91,28.38,39.5,56,89,59.3,54,25.22,1214,281
20201227,679,1,Category 07,54.42,42.73,21.5,55,72,32.2,35,29.23,1385,971
20201208,249,149,Category 03,33.46,29.2,12.7,30,34,15.3,28,18.29,455,370
20201023,633,2,Category 01,31.84,24.36,23.5,64,82,28.2,19,15.99,1014,686
20200209,273,39,Category 06,45.23,39.35,13.0,42,50,19.5,48,22.8,942,827
20200316,1020,8,Category 05,55.21,42.62,22.8,72,96,34.2,46,31.14,1733,1102
20201210,232,111,Category 04,54.19,44.07,18.7,76,97,28.0,31,28.95,1918,1466
20200526,871,155,Category 01,43.9,27.64,37.0,66,95,44.4,50,22.82,1391,457
20200630,63,76,Category 05,41.98,29.79,29.0,66,94,43.6,31,22.03,1316,729
20200307,209,7,Category 06,65.12,55.75,14.4,38,46,21.6,16,33.79,1190,1010
20200717,600,2,Category 01,31.96,24.51,23.3,59,75,28.0,53,15.99,942,639
20200708,1160,52,Category 06,37.78,25.14,33.5,68,102,50.2,31,20.74,1158,448
20200322,1392,154,Category 01,54.12,33.78,37.6,44,63,45.1,36,27.57,1168,391
20200605,865,57,Category 04,69.29,56.31,18.7,50,64,28.1,18,34.92,1718,1368
20201007,1857,107,Category 10,43.61,32.83,24.7,70,95,37.1,36,25.22,1287,722
20200816,1634,107,Category 10,49.83,34.67,30.4,45,65,45.6,46,25.22,1107,614
20201030,1830,46,Category 04,48.35,30.17,37.6,79,123,56.4,54,24.88,1854,650
20200428,210,154,Category 01,52.08,46.3,11.1,24,27,13.3,44,27.57,588,505
20200402,904,111,Category 04,54.74,41.23,24.7,60,82,37.0,35,28.95,1547,1006
20200201,1843,57,Category 04,65.0,40.66,37.4,52,81,56.2,20,34.92,1564,464
20201005,1710,76,Category 05,42.33,27.6,34.8,46,70,52.2,28,22.03,933,389
20200313,1354,149,Category 03,33.52,24.19,27.8,79,105,33.4,23,18.29,1203,619
20200202,790,110,Category 02,71.44,51.78,27.5,22,31,41.3,14,33.7,830,560
20200708,871,107,Category 10,47.84,37.48,21.7,57,75,32.5,24,25.22,1289,919
20200401,1540,83,Category 05,58.45,38.48,34.2,59,89,51.2,44,31.61,1583,611
20200216,1452,83,Category 05,56.56,49.98,11.6,43,50,17.5,50,31.61,1072,918
20200207,508,155,Category 01,44.73,28.98,35.2,44,62,42.3,29,22.82,964,381
20201005,871,83,Category 05,62.29,49.28,20.9,35,45,31.3,42,31.61,1073,795
20200404,1425,3,Category 01,43.73,37.78,13.6,68,79,16.3,16,22.1,1470,1238
20200508,865,6,Category 06,60.91,45.0,26.1,79,109,39.2,23,32.93,2210,1315
20200213,1020,8,Category 05,57.72,43.97,23.8,45,61,35.7,37,31.14,1196,782
20200815,579,148,Category 03,35.47,27.67,22.0,29,36,26.4,38,19.46,464,295
20201118,790,1,Category 07,53.73,39.77,26.0,21,29,39.0,50,29.23,514,305
20200921,164,2,Category 01,31.64,19.0,40.0,32,47,47.9,15,15.99,500,141
20201003,1329,6,Category 06,62.8,50.36,19.8,35,45,29.7,43,32.93,1045,784
20200318,1311,149,Category 03,33.51,25.2,24.8,61,79,29.8,54,18.29,928,545
20200709,249,1,Category 07,54.88,44.75,18.5,32,40,27.7,50,29.23,820,620
20200117,1937,107,Category 10,47.78,35.29,26.1,28,38,39.2,39,25.22,631,382
20200913,875,76,Category 05,41.66,27.03,35.1,59,90,52.7,23,22.03,1158,450
20200515,1625,154,Category 01,48.73,33.1,32.1,64,88,38.5,34,27.57,1354,486
20201114,1283,57,Category 04,73.77,63.13,14.4,18,21,21.6,39,34.92,699,592
20201005,574,67,Category 05,41.13,33.44,18.7,41,52,28.0,51,20.88,830,653
20200509,1302,155,Category 01,44.31,36.53,17.6,34,41,21.1,24,22.82,730,562
20201109,1625,148,Category 03,31.03,27.03,12.9,18,20,15.5,37,19.46,208,151
20200825,633,153,Category 02,83.41,69.76,16.4,24,29,24.5,23,40.66,1026,843
20200930,1763,148,Category 03,32.41,21.41,36.4,17,23,40.7,31,19.46,220,44
20201124,425,3,Category 01,41.89,25.29,39.6,51,75,47.6,14,22.1,1009,239
20200204,1208,46,Category 04,49.99,41.14,17.7,36,45,26.6,53,24.88,903,731
20200122,377,155,Category 01,44.01,31.48,28.5,64,85,34.2,17,22.82,1356,736
20200710,721,6,Category 06,64.27,49.88,22.4,46,61,33.6,36,32.93,1441,1033
20200112,274,107,Category 10,49.59,43.34,12.6,47,55,18.9,32,25.22,1145,996
20200721,1013,2,Category 01,31.86,22.08,30.7,42,57,36.8,42,15.99,666,347
20201030,249,1,Category 07,52.25,36.53,30.1,34,49,45.1,51,29.23,782,357
20200814,373,52,Category 06,40.17,24.41,39.2,29,46,58.8,39,20.74,563,168
20200908,999,107,Category 10,48.73,37.0,24.1,49,66,36.1,14,25.22,1151,777
20201015,1712,2,Category 01,30.24,26.57,12.2,55,63,14.6,32,15.99,783,666
20200616,373,64,Category 01,63.47,54.78,13.7,79,91,16.4,22,32.22,2468,2052
20200328,633,111,Category 04,52.94,33.53,36.7,39,60,55.0,16,28.95,935,274
20201206,273,76,Category 05,39.9,25.42,36.3,72,111,54.4,40,22.03,1286,376
20200113,303,76,Category 05,43.67,33.59,23.1,36,48,34.6,50,22.03,779,554
20200815,1857,6,Category 06,62.48,56.1,10.2,55,63,15.3,50,32.93,1625,1459
20200619,1160,155,Category 01,39.53,28.81,27.1,15,19,32.5,46,22.82,250,113
20200802,1843,76,Category 05,42.99,30.19,29.8,76,109,44.7,54,22.03,1592,889
20200716,978,154,Category 01,52.42,38.85,25.9,75,98,31.1,34,27.57,1863,1105
20200318,1712,6,Category 06,62.62,44.98,28.2,54,76,42.3,20,32.93,1603,915
20200108,178,1,Category 07,57.16,46.17,19.2,78,100,28.8,22,29.23,2178,1694
20200211,721,8,Category 05,58.19,37.58,35.4,36,55,53.1,21,31.14,973,354
20200927,1425,64,Category 01,57.43,46.85,18.4,67,81,22.1,14,32.22,1689,1185
20200806,1712,154,Category 01,51.59,34.57,33.0,36,50,39.6,48,27.57,864,350
20200114,600,46,Category 04,46.93,39.17,16.5,73,91,24.8,31,24.88,1609,1300
20200525,999,64,Category 01,59.1,36.04,39.0,53,77,46.8,45,32.22,1424,294
20201204,1311,57,Category 04,65.01,44.76,31.2,35,51,46.7,45,34.92,1053,501
20200319,1858,76,Category 05,41.27,27.52,33.3,46,68,50.0,24,22.03,885,373
20200718,904,64,Category 01,60.61,37.75,37.7,63,91,45.3,46,32.22,1788,503
20200105,871,57,Category 04,64.05,57.18,10.7,52,60,16.1,41,34.92,1514,1335
20200409,1925,46,Category 04,46.45,38.48,17.2,17,21,25.7,30,24.88,366,285
20201028,1101,155,Category 01,41.88,26.76,36.1,58,83,43.3,55,22.82,1105,327
20200727,1858,148,Category 03,35.16,29.51,16.1,24,28,19.3,18,19.46,376,281
20201004,1616,67,Category 05,39.54,34.64,12.4,56,66,18.6,46,20.88,1044,908
